"","subj_id","list_id","item_id","A","Y"
"1",1,2,1,"A2",393.541388924177
"2",1,2,2,"A2",395.862757653302
"3",1,2,3,"A2",406.802286950451
"4",1,2,4,"A2",386.719080230693
"5",1,2,5,"A2",396.438408842533
"6",1,2,6,"A2",404.734003849862
"7",1,2,7,"A2",404.708578125404
"8",1,2,8,"A2",399.45095642133
"9",1,2,9,"A2",411.363759487252
"10",1,2,10,"A2",397.670597011811
"11",1,2,11,"A2",397.348435274625
"12",1,2,12,"A2",402.290784424903
"13",1,2,13,"A2",396.7088778774
"14",1,2,14,"A2",404.386386021597
"15",1,2,15,"A2",401.624122257449
"16",1,2,16,"A2",404.088304707201
"17",1,2,17,"A2",396.630630594264
"18",1,2,18,"A2",406.346607145893
"19",1,2,19,"A2",405.355170822507
"20",1,2,20,"A2",394.501037113544
"21",1,2,21,"A1",296.786809865398
"22",1,2,22,"A1",291.133705916707
"23",1,2,23,"A1",306.578123321001
"24",1,2,24,"A1",292.82555773836
"25",1,2,25,"A1",305.346224122711
"26",1,2,26,"A1",303.001885077291
"27",1,2,27,"A1",282.308945748282
"28",1,2,28,"A1",281.954806119916
"29",1,2,29,"A1",286.370889687958
"30",1,2,30,"A1",295.806303171129
"31",1,2,31,"A1",302.027417432896
"32",1,2,32,"A1",282.656710780392
"33",1,2,33,"A1",294.043231940577
"34",1,2,34,"A1",295.212702109993
"35",1,2,35,"A1",306.653583644426
"36",1,2,36,"A1",313.367508040387
"37",1,2,37,"A1",306.383130082011
"38",1,2,38,"A1",297.619300628583
"39",1,2,39,"A1",304.174358110867
"40",1,2,40,"A1",308.342815015879
"41",2,1,1,"A1",291.57212705913
"42",2,1,2,"A1",310.628127135872
"43",2,1,3,"A1",303.839620998786
"44",2,1,4,"A1",292.091467845897
"45",2,1,5,"A1",300.231875710198
"46",2,1,6,"A1",306.739959493311
"47",2,1,7,"A1",310.444987893792
"48",2,1,8,"A1",313.9602796146
"49",2,1,9,"A1",299.292030528915
"50",2,1,10,"A1",315.39349710703
"51",2,1,11,"A1",311.135581594973
"52",2,1,12,"A1",302.787204818641
"53",2,1,13,"A1",290.362630208956
"54",2,1,14,"A1",301.81135407067
"55",2,1,15,"A1",310.56007824627
"56",2,1,16,"A1",318.728193811719
"57",2,1,17,"A1",302.129946787858
"58",2,1,18,"A1",310.891353377131
"59",2,1,19,"A1",327.586023196456
"60",2,1,20,"A1",301.8677941103
"61",2,1,21,"A2",395.662596914676
"62",2,1,22,"A2",398.586169035614
"63",2,1,23,"A2",402.502572951939
"64",2,1,24,"A2",390.336180239119
"65",2,1,25,"A2",399.873277408882
"66",2,1,26,"A2",404.355148862792
"67",2,1,27,"A2",398.996909019582
"68",2,1,28,"A2",397.654708203082
"69",2,1,29,"A2",401.014009034823
"70",2,1,30,"A2",399.695453785523
"71",2,1,31,"A2",411.230863860528
"72",2,1,32,"A2",397.298417710547
"73",2,1,33,"A2",404.952991895271
"74",2,1,34,"A2",398.510683833986
"75",2,1,35,"A2",409.189005697726
"76",2,1,36,"A2",405.512642616819
"77",2,1,37,"A2",397.610174812857
"78",2,1,38,"A2",397.212750994352
"79",2,1,39,"A2",398.723557218735
"80",2,1,40,"A2",403.976576306377
"81",3,1,1,"A1",286.36571633139
"82",3,1,2,"A1",301.04087819549
"83",3,1,3,"A1",272.647034241068
"84",3,1,4,"A1",282.695388092097
"85",3,1,5,"A1",288.899210854938
"86",3,1,6,"A1",296.367137491668
"87",3,1,7,"A1",295.882499741542
"88",3,1,8,"A1",303.041325375507
"89",3,1,9,"A1",283.466814460645
"90",3,1,10,"A1",304.767571776422
"91",3,1,11,"A1",293.749817732037
"92",3,1,12,"A1",288.208735863702
"93",3,1,13,"A1",289.486927222026
"94",3,1,14,"A1",282.565552390409
"95",3,1,15,"A1",295.356527470198
"96",3,1,16,"A1",301.447876446308
"97",3,1,17,"A1",283.800883240095
"98",3,1,18,"A1",305.32024940919
"99",3,1,19,"A1",312.707400757369
"100",3,1,20,"A1",288.321856110303
"101",3,1,21,"A2",384.914774301455
"102",3,1,22,"A2",405.695729219405
"103",3,1,23,"A2",400.847710064481
"104",3,1,24,"A2",389.276105443276
"105",3,1,25,"A2",405.427502404025
"106",3,1,26,"A2",395.878170619452
"107",3,1,27,"A2",396.940079592457
"108",3,1,28,"A2",390.203552152684
"109",3,1,29,"A2",401.344246138898
"110",3,1,30,"A2",400.000553533596
"111",3,1,31,"A2",398.449305587838
"112",3,1,32,"A2",392.266982756511
"113",3,1,33,"A2",403.201980534737
"114",3,1,34,"A2",391.512381158942
"115",3,1,35,"A2",401.746261140574
"116",3,1,36,"A2",404.957918180932
"117",3,1,37,"A2",402.264228109178
"118",3,1,38,"A2",399.853277946188
"119",3,1,39,"A2",392.020365753022
"120",3,1,40,"A2",400.155512436053
"121",4,1,1,"A1",279.449924500456
"122",4,1,2,"A1",281.890995208324
"123",4,1,3,"A1",276.659322982876
"124",4,1,4,"A1",280.895681254227
"125",4,1,5,"A1",281.637208182639
"126",4,1,6,"A1",293.637897391398
"127",4,1,7,"A1",302.653593631482
"128",4,1,8,"A1",294.990261624158
"129",4,1,9,"A1",281.149559829111
"130",4,1,10,"A1",295.877131914204
"131",4,1,11,"A1",289.484070846309
"132",4,1,12,"A1",278.390444117173
"133",4,1,13,"A1",273.844944340364
"134",4,1,14,"A1",284.956707429143
"135",4,1,15,"A1",281.170662240863
"136",4,1,16,"A1",287.418039478611
"137",4,1,17,"A1",272.188400691877
"138",4,1,18,"A1",303.68167690032
"139",4,1,19,"A1",296.005906543942
"140",4,1,20,"A1",290.02195386597
"141",4,1,21,"A2",387.010026782335
"142",4,1,22,"A2",401.333306361229
"143",4,1,23,"A2",388.104562912661
"144",4,1,24,"A2",400.269643072387
"145",4,1,25,"A2",411.11868509532
"146",4,1,26,"A2",403.249445184743
"147",4,1,27,"A2",397.218662325199
"148",4,1,28,"A2",397.575169009503
"149",4,1,29,"A2",393.401803053479
"150",4,1,30,"A2",389.66696065938
"151",4,1,31,"A2",404.137307572198
"152",4,1,32,"A2",400.318510631001
"153",4,1,33,"A2",404.962326650147
"154",4,1,34,"A2",392.052470382509
"155",4,1,35,"A2",390.047577903493
"156",4,1,36,"A2",410.265146439795
"157",4,1,37,"A2",395.928693103471
"158",4,1,38,"A2",392.402724400398
"159",4,1,39,"A2",395.233561887131
"160",4,1,40,"A2",408.232497471363
"161",5,1,1,"A1",304.529959980058
"162",5,1,2,"A1",294.607138443117
"163",5,1,3,"A1",296.548877550739
"164",5,1,4,"A1",284.645089634147
"165",5,1,5,"A1",302.384383711497
"166",5,1,6,"A1",305.362862647008
"167",5,1,7,"A1",307.319473075425
"168",5,1,8,"A1",312.857459794947
"169",5,1,9,"A1",298.045692804906
"170",5,1,10,"A1",313.81287961998
"171",5,1,11,"A1",302.09317390151
"172",5,1,12,"A1",293.086226571314
"173",5,1,13,"A1",291.301040096909
"174",5,1,14,"A1",300.012901841609
"175",5,1,15,"A1",304.314649744301
"176",5,1,16,"A1",308.395036985442
"177",5,1,17,"A1",289.867781550749
"178",5,1,18,"A1",312.228643282665
"179",5,1,19,"A1",315.051426606559
"180",5,1,20,"A1",299.865445994989
"181",5,1,21,"A2",401.222310228822
"182",5,1,22,"A2",402.215372767849
"183",5,1,23,"A2",397.637951043443
"184",5,1,24,"A2",398.974300666348
"185",5,1,25,"A2",403.066769740186
"186",5,1,26,"A2",403.598605305117
"187",5,1,27,"A2",403.27260669804
"188",5,1,28,"A2",394.583817833937
"189",5,1,29,"A2",398.248188395783
"190",5,1,30,"A2",400.219657680424
"191",5,1,31,"A2",394.949795273779
"192",5,1,32,"A2",396.435941151009
"193",5,1,33,"A2",405.816059042757
"194",5,1,34,"A2",393.562864694316
"195",5,1,35,"A2",402.470593682984
"196",5,1,36,"A2",409.287902910028
"197",5,1,37,"A2",409.702109256633
"198",5,1,38,"A2",399.776382700143
"199",5,1,39,"A2",396.141392584112
"200",5,1,40,"A2",405.071608456079
"201",6,2,1,"A2",395.815569282309
"202",6,2,2,"A2",407.695679241379
"203",6,2,3,"A2",402.022099376759
"204",6,2,4,"A2",399.985444375594
"205",6,2,5,"A2",402.695486204214
"206",6,2,6,"A2",408.377674532833
"207",6,2,7,"A2",407.161625755833
"208",6,2,8,"A2",412.927011603691
"209",6,2,9,"A2",406.423222863425
"210",6,2,10,"A2",403.31332317118
"211",6,2,11,"A2",401.430117516099
"212",6,2,12,"A2",402.570903673927
"213",6,2,13,"A2",393.743797767138
"214",6,2,14,"A2",406.829509370801
"215",6,2,15,"A2",400.582643003311
"216",6,2,16,"A2",403.246002707296
"217",6,2,17,"A2",404.603001120333
"218",6,2,18,"A2",407.369090314513
"219",6,2,19,"A2",415.855346337432
"220",6,2,20,"A2",398.711392668668
"221",6,2,21,"A1",303.053117383892
"222",6,2,22,"A1",295.48924567605
"223",6,2,23,"A1",306.205600884295
"224",6,2,24,"A1",290.64542635043
"225",6,2,25,"A1",307.75100983059
"226",6,2,26,"A1",302.902996336625
"227",6,2,27,"A1",296.691283044328
"228",6,2,28,"A1",279.117645845419
"229",6,2,29,"A1",299.018011003636
"230",6,2,30,"A1",283.831257238786
"231",6,2,31,"A1",306.79974547862
"232",6,2,32,"A1",297.035727003931
"233",6,2,33,"A1",300.251015795737
"234",6,2,34,"A1",282.636904829435
"235",6,2,35,"A1",295.265369182073
"236",6,2,36,"A1",316.168125462017
"237",6,2,37,"A1",297.285286857037
"238",6,2,38,"A1",302.032680728565
"239",6,2,39,"A1",288.476103797115
"240",6,2,40,"A1",307.683970249789
"241",7,1,1,"A1",292.666749595911
"242",7,1,2,"A1",302.847559203343
"243",7,1,3,"A1",293.575273914054
"244",7,1,4,"A1",289.212042047167
"245",7,1,5,"A1",297.287258578459
"246",7,1,6,"A1",304.413157039714
"247",7,1,7,"A1",299.030095337515
"248",7,1,8,"A1",309.92833269484
"249",7,1,9,"A1",298.27621994448
"250",7,1,10,"A1",302.71967342988
"251",7,1,11,"A1",305.081580573029
"252",7,1,12,"A1",287.031230045466
"253",7,1,13,"A1",281.60998423587
"254",7,1,14,"A1",303.177054285502
"255",7,1,15,"A1",300.942700523382
"256",7,1,16,"A1",306.460173183967
"257",7,1,17,"A1",288.777139269793
"258",7,1,18,"A1",320.837360784056
"259",7,1,19,"A1",320.350341144934
"260",7,1,20,"A1",300.367763111142
"261",7,1,21,"A2",400.448045489433
"262",7,1,22,"A2",398.126064159381
"263",7,1,23,"A2",403.244180597278
"264",7,1,24,"A2",400.670974090908
"265",7,1,25,"A2",406.796191465622
"266",7,1,26,"A2",394.869389913756
"267",7,1,27,"A2",400.950409498354
"268",7,1,28,"A2",400.658404845399
"269",7,1,29,"A2",400.407295033231
"270",7,1,30,"A2",397.984614598767
"271",7,1,31,"A2",411.314092017142
"272",7,1,32,"A2",404.671014722841
"273",7,1,33,"A2",403.963135643318
"274",7,1,34,"A2",388.616203842598
"275",7,1,35,"A2",399.998158498492
"276",7,1,36,"A2",408.235015440641
"277",7,1,37,"A2",408.885269222459
"278",7,1,38,"A2",398.900331774713
"279",7,1,39,"A2",405.323895716774
"280",7,1,40,"A2",408.713275171858
"281",8,2,1,"A2",390.596365894287
"282",8,2,2,"A2",386.9783544246
"283",8,2,3,"A2",399.837182909149
"284",8,2,4,"A2",394.875334632983
"285",8,2,5,"A2",393.891497784873
"286",8,2,6,"A2",395.957952921005
"287",8,2,7,"A2",403.060194165694
"288",8,2,8,"A2",406.001210165338
"289",8,2,9,"A2",387.30217294637
"290",8,2,10,"A2",395.423237501552
"291",8,2,11,"A2",394.497473482681
"292",8,2,12,"A2",394.552744196889
"293",8,2,13,"A2",394.251608343769
"294",8,2,14,"A2",399.212177428297
"295",8,2,15,"A2",386.461062765826
"296",8,2,16,"A2",393.761784983937
"297",8,2,17,"A2",391.064989780526
"298",8,2,18,"A2",402.694060954652
"299",8,2,19,"A2",394.924102151235
"300",8,2,20,"A2",403.379824865997
"301",8,2,21,"A1",284.648552827256
"302",8,2,22,"A1",282.613899313126
"303",8,2,23,"A1",294.677793319744
"304",8,2,24,"A1",281.010316051238
"305",8,2,25,"A1",289.893004291561
"306",8,2,26,"A1",298.715774040598
"307",8,2,27,"A1",272.632596958875
"308",8,2,28,"A1",270.241082630001
"309",8,2,29,"A1",282.879104512932
"310",8,2,30,"A1",275.254810008133
"311",8,2,31,"A1",294.337461354344
"312",8,2,32,"A1",286.26358570361
"313",8,2,33,"A1",291.6698165907
"314",8,2,34,"A1",275.833897087602
"315",8,2,35,"A1",277.467777654508
"316",8,2,36,"A1",290.346905625692
"317",8,2,37,"A1",294.598590471941
"318",8,2,38,"A1",275.335612627285
"319",8,2,39,"A1",287.196331347372
"320",8,2,40,"A1",294.390801544451
"321",9,2,1,"A2",402.626362140048
"322",9,2,2,"A2",402.287944682478
"323",9,2,3,"A2",402.250431047735
"324",9,2,4,"A2",393.005755404469
"325",9,2,5,"A2",401.28034232636
"326",9,2,6,"A2",401.094733039729
"327",9,2,7,"A2",399.502018681099
"328",9,2,8,"A2",408.254575017113
"329",9,2,9,"A2",408.314175051883
"330",9,2,10,"A2",402.656063212787
"331",9,2,11,"A2",407.355509245314
"332",9,2,12,"A2",401.184517876963
"333",9,2,13,"A2",403.253464505622
"334",9,2,14,"A2",399.078515635994
"335",9,2,15,"A2",405.139724191391
"336",9,2,16,"A2",406.070483311138
"337",9,2,17,"A2",408.578065160946
"338",9,2,18,"A2",410.653854669044
"339",9,2,19,"A2",412.868403918009
"340",9,2,20,"A2",406.842414683545
"341",9,2,21,"A1",297.139840032233
"342",9,2,22,"A1",293.012253983131
"343",9,2,23,"A1",306.649531481835
"344",9,2,24,"A1",290.827415243401
"345",9,2,25,"A1",309.516053677497
"346",9,2,26,"A1",292.771918625538
"347",9,2,27,"A1",276.345039106076
"348",9,2,28,"A1",280.87643589381
"349",9,2,29,"A1",293.719922378638
"350",9,2,30,"A1",293.554861788781
"351",9,2,31,"A1",309.829974668599
"352",9,2,32,"A1",299.201266816315
"353",9,2,33,"A1",300.720265286907
"354",9,2,34,"A1",275.698069511626
"355",9,2,35,"A1",292.80861158292
"356",9,2,36,"A1",321.389332017793
"357",9,2,37,"A1",304.786257011883
"358",9,2,38,"A1",294.34523156461
"359",9,2,39,"A1",301.424708204329
"360",9,2,40,"A1",304.61289930145
"361",10,1,1,"A1",303.117793838553
"362",10,1,2,"A1",308.17765957343
"363",10,1,3,"A1",290.804669269738
"364",10,1,4,"A1",292.720614416353
"365",10,1,5,"A1",302.640089127583
"366",10,1,6,"A1",293.339726905894
"367",10,1,7,"A1",306.489872195539
"368",10,1,8,"A1",323.798115081704
"369",10,1,9,"A1",303.538717973387
"370",10,1,10,"A1",302.6998514234
"371",10,1,11,"A1",308.575745945322
"372",10,1,12,"A1",297.267445611365
"373",10,1,13,"A1",299.38765895637
"374",10,1,14,"A1",296.899637115042
"375",10,1,15,"A1",302.240827702905
"376",10,1,16,"A1",299.18846154797
"377",10,1,17,"A1",290.945044760556
"378",10,1,18,"A1",324.627304214334
"379",10,1,19,"A1",314.039176639435
"380",10,1,20,"A1",308.770818288219
"381",10,1,21,"A2",393.926599799607
"382",10,1,22,"A2",400.875336595164
"383",10,1,23,"A2",408.565699891345
"384",10,1,24,"A2",402.677467579913
"385",10,1,25,"A2",402.518878873573
"386",10,1,26,"A2",398.560060746901
"387",10,1,27,"A2",397.931346227821
"388",10,1,28,"A2",394.064750317084
"389",10,1,29,"A2",403.495857466493
"390",10,1,30,"A2",400.483452429765
"391",10,1,31,"A2",409.763185872482
"392",10,1,32,"A2",401.517122058574
"393",10,1,33,"A2",400.119027509747
"394",10,1,34,"A2",391.928024255342
"395",10,1,35,"A2",405.878455974074
"396",10,1,36,"A2",408.76547260062
"397",10,1,37,"A2",408.522908549144
"398",10,1,38,"A2",407.023878169506
"399",10,1,39,"A2",403.861287901793
"400",10,1,40,"A2",419.374574209077
"401",11,2,1,"A2",404.92544800674
"402",11,2,2,"A2",412.362319457549
"403",11,2,3,"A2",403.285626054527
"404",11,2,4,"A2",394.510042159123
"405",11,2,5,"A2",406.609845700195
"406",11,2,6,"A2",409.931506696439
"407",11,2,7,"A2",406.488328430356
"408",11,2,8,"A2",398.859696477153
"409",11,2,9,"A2",406.349084682013
"410",11,2,10,"A2",402.311114973066
"411",11,2,11,"A2",413.745188176382
"412",11,2,12,"A2",397.423868875961
"413",11,2,13,"A2",411.072413696513
"414",11,2,14,"A2",410.041797106232
"415",11,2,15,"A2",403.782612330303
"416",11,2,16,"A2",411.03646890316
"417",11,2,17,"A2",410.612051164681
"418",11,2,18,"A2",413.513816176221
"419",11,2,19,"A2",415.434644838862
"420",11,2,20,"A2",410.624906080475
"421",11,2,21,"A1",307.132081679318
"422",11,2,22,"A1",294.53698296506
"423",11,2,23,"A1",311.728410945151
"424",11,2,24,"A1",295.187313842032
"425",11,2,25,"A1",316.790605381445
"426",11,2,26,"A1",310.310918930763
"427",11,2,27,"A1",298.339210314214
"428",11,2,28,"A1",296.696395063416
"429",11,2,29,"A1",303.090053783883
"430",11,2,30,"A1",294.517118945062
"431",11,2,31,"A1",324.640239152235
"432",11,2,32,"A1",295.614768410707
"433",11,2,33,"A1",298.563880071653
"434",11,2,34,"A1",298.565068723242
"435",11,2,35,"A1",303.823637916496
"436",11,2,36,"A1",311.089242707253
"437",11,2,37,"A1",316.306700888292
"438",11,2,38,"A1",307.468306265655
"439",11,2,39,"A1",296.651484692629
"440",11,2,40,"A1",313.83621694501
"441",12,1,1,"A1",292.993309781686
"442",12,1,2,"A1",295.219658271671
"443",12,1,3,"A1",287.427975406104
"444",12,1,4,"A1",284.868458491896
"445",12,1,5,"A1",297.587514548248
"446",12,1,6,"A1",301.369962727321
"447",12,1,7,"A1",308.334675804985
"448",12,1,8,"A1",318.649072776175
"449",12,1,9,"A1",287.76074313739
"450",12,1,10,"A1",307.420214692754
"451",12,1,11,"A1",299.170356959896
"452",12,1,12,"A1",287.545499927252
"453",12,1,13,"A1",286.957825393784
"454",12,1,14,"A1",291.841945124241
"455",12,1,15,"A1",293.735309851501
"456",12,1,16,"A1",299.093682243107
"457",12,1,17,"A1",283.749560413835
"458",12,1,18,"A1",305.20921506341
"459",12,1,19,"A1",315.608673547606
"460",12,1,20,"A1",294.338190347679
"461",12,1,21,"A2",390.282091833604
"462",12,1,22,"A2",393.257647061479
"463",12,1,23,"A2",409.865635518627
"464",12,1,24,"A2",403.175537633089
"465",12,1,25,"A2",396.580699506732
"466",12,1,26,"A2",404.51089551863
"467",12,1,27,"A2",405.836936301496
"468",12,1,28,"A2",397.739692413074
"469",12,1,29,"A2",389.000231752177
"470",12,1,30,"A2",395.412231555474
"471",12,1,31,"A2",410.299848729887
"472",12,1,32,"A2",391.908856556253
"473",12,1,33,"A2",401.047192156517
"474",12,1,34,"A2",394.202125374488
"475",12,1,35,"A2",394.423682669664
"476",12,1,36,"A2",400.737660417214
"477",12,1,37,"A2",403.547248445551
"478",12,1,38,"A2",394.980630565167
"479",12,1,39,"A2",404.905142971348
"480",12,1,40,"A2",403.015242707441
"481",13,1,1,"A1",286.19524802723
"482",13,1,2,"A1",285.133216832348
"483",13,1,3,"A1",279.760336669136
"484",13,1,4,"A1",286.024031893306
"485",13,1,5,"A1",289.071155032532
"486",13,1,6,"A1",300.700641434495
"487",13,1,7,"A1",311.121616161914
"488",13,1,8,"A1",307.527177341786
"489",13,1,9,"A1",287.746388725849
"490",13,1,10,"A1",300.937796679811
"491",13,1,11,"A1",300.886863454182
"492",13,1,12,"A1",289.716156408334
"493",13,1,13,"A1",277.039532739668
"494",13,1,14,"A1",288.792904192473
"495",13,1,15,"A1",298.44458887259
"496",13,1,16,"A1",296.804560906463
"497",13,1,17,"A1",289.297426438396
"498",13,1,18,"A1",316.021165413614
"499",13,1,19,"A1",294.666146822329
"500",13,1,20,"A1",291.971576758971
"501",13,1,21,"A2",390.741979979038
"502",13,1,22,"A2",397.847299768518
"503",13,1,23,"A2",393.940428333497
"504",13,1,24,"A2",397.653276371519
"505",13,1,25,"A2",398.411377809759
"506",13,1,26,"A2",392.618091206614
"507",13,1,27,"A2",400.633803112454
"508",13,1,28,"A2",388.598257869112
"509",13,1,29,"A2",399.654358864119
"510",13,1,30,"A2",400.840262675898
"511",13,1,31,"A2",396.204273918442
"512",13,1,32,"A2",400.121731609607
"513",13,1,33,"A2",396.593627115971
"514",13,1,34,"A2",401.763791937377
"515",13,1,35,"A2",403.471248570701
"516",13,1,36,"A2",409.033927946026
"517",13,1,37,"A2",404.469545332499
"518",13,1,38,"A2",401.284033189915
"519",13,1,39,"A2",404.799434058864
"520",13,1,40,"A2",396.551446584228
"521",14,2,1,"A2",390.847498256257
"522",14,2,2,"A2",396.049708617844
"523",14,2,3,"A2",392.233319679716
"524",14,2,4,"A2",396.751496036821
"525",14,2,5,"A2",399.072424281715
"526",14,2,6,"A2",397.127544596791
"527",14,2,7,"A2",389.095391840113
"528",14,2,8,"A2",402.504670195679
"529",14,2,9,"A2",392.675970762468
"530",14,2,10,"A2",404.921053859545
"531",14,2,11,"A2",407.962206679997
"532",14,2,12,"A2",405.768566581037
"533",14,2,13,"A2",397.287122593962
"534",14,2,14,"A2",401.969419776189
"535",14,2,15,"A2",393.720953085443
"536",14,2,16,"A2",394.241849877733
"537",14,2,17,"A2",388.72764837612
"538",14,2,18,"A2",405.601132616026
"539",14,2,19,"A2",409.123970527617
"540",14,2,20,"A2",394.121018676458
"541",14,2,21,"A1",296.216255512435
"542",14,2,22,"A1",287.115533678843
"543",14,2,23,"A1",298.863884018095
"544",14,2,24,"A1",276.206203621964
"545",14,2,25,"A1",305.877322045426
"546",14,2,26,"A1",300.637392476823
"547",14,2,27,"A1",286.680755449523
"548",14,2,28,"A1",272.375495452915
"549",14,2,29,"A1",286.09590676869
"550",14,2,30,"A1",284.774723200103
"551",14,2,31,"A1",303.042029206202
"552",14,2,32,"A1",276.391384352767
"553",14,2,33,"A1",298.750221017281
"554",14,2,34,"A1",278.312783852264
"555",14,2,35,"A1",294.372126954137
"556",14,2,36,"A1",304.783566915762
"557",14,2,37,"A1",303.759086180001
"558",14,2,38,"A1",292.27386288977
"559",14,2,39,"A1",287.085484774482
"560",14,2,40,"A1",291.847202944237
"561",15,2,1,"A2",402.059632193147
"562",15,2,2,"A2",411.415362512732
"563",15,2,3,"A2",395.962027790352
"564",15,2,4,"A2",403.366146872461
"565",15,2,5,"A2",404.894697479032
"566",15,2,6,"A2",407.877478860277
"567",15,2,7,"A2",409.817555474453
"568",15,2,8,"A2",411.334604125836
"569",15,2,9,"A2",388.258804377425
"570",15,2,10,"A2",403.56279381337
"571",15,2,11,"A2",412.207240504986
"572",15,2,12,"A2",395.856488346375
"573",15,2,13,"A2",398.258940342794
"574",15,2,14,"A2",403.5697118398
"575",15,2,15,"A2",408.40092614319
"576",15,2,16,"A2",406.183508407744
"577",15,2,17,"A2",398.130412453457
"578",15,2,18,"A2",403.224052171824
"579",15,2,19,"A2",411.582063414409
"580",15,2,20,"A2",396.188756582346
"581",15,2,21,"A1",298.405376092592
"582",15,2,22,"A1",292.070178025876
"583",15,2,23,"A1",307.795185098615
"584",15,2,24,"A1",292.78569685415
"585",15,2,25,"A1",315.170922777767
"586",15,2,26,"A1",308.665071542848
"587",15,2,27,"A1",291.033643276054
"588",15,2,28,"A1",290.518172204706
"589",15,2,29,"A1",304.620157060631
"590",15,2,30,"A1",286.79460224652
"591",15,2,31,"A1",316.680726816493
"592",15,2,32,"A1",291.540752240615
"593",15,2,33,"A1",307.168102345278
"594",15,2,34,"A1",289.067353857998
"595",15,2,35,"A1",293.693020990999
"596",15,2,36,"A1",328.759454017891
"597",15,2,37,"A1",321.892639007197
"598",15,2,38,"A1",299.755287304302
"599",15,2,39,"A1",305.063950223386
"600",15,2,40,"A1",312.850768565769
"601",16,1,1,"A1",297.900616188578
"602",16,1,2,"A1",304.805382864582
"603",16,1,3,"A1",292.548593414841
"604",16,1,4,"A1",288.711167907307
"605",16,1,5,"A1",286.356689314297
"606",16,1,6,"A1",294.883763416879
"607",16,1,7,"A1",305.833047584335
"608",16,1,8,"A1",309.758989052238
"609",16,1,9,"A1",294.159102821562
"610",16,1,10,"A1",290.046888680398
"611",16,1,11,"A1",301.113208666974
"612",16,1,12,"A1",291.627579593274
"613",16,1,13,"A1",292.542281603688
"614",16,1,14,"A1",284.508364490824
"615",16,1,15,"A1",295.700138073558
"616",16,1,16,"A1",292.302892351153
"617",16,1,17,"A1",281.728546010921
"618",16,1,18,"A1",317.211410659567
"619",16,1,19,"A1",296.543642431193
"620",16,1,20,"A1",289.156272806817
"621",16,1,21,"A2",405.742190108539
"622",16,1,22,"A2",404.623320017999
"623",16,1,23,"A2",393.898164696593
"624",16,1,24,"A2",390.591352644142
"625",16,1,25,"A2",406.574625502221
"626",16,1,26,"A2",409.090633355273
"627",16,1,27,"A2",392.88904201958
"628",16,1,28,"A2",396.064377205352
"629",16,1,29,"A2",405.393599443378
"630",16,1,30,"A2",400.222600431693
"631",16,1,31,"A2",400.665123378915
"632",16,1,32,"A2",404.316913751437
"633",16,1,33,"A2",402.565978295786
"634",16,1,34,"A2",398.189260757111
"635",16,1,35,"A2",393.891244091709
"636",16,1,36,"A2",400.212863827352
"637",16,1,37,"A2",413.3597894659
"638",16,1,38,"A2",393.194434638241
"639",16,1,39,"A2",389.811516523356
"640",16,1,40,"A2",408.402848934093
"641",17,1,1,"A1",278.164362933995
"642",17,1,2,"A1",296.282205386572
"643",17,1,3,"A1",289.924866433452
"644",17,1,4,"A1",276.792766267347
"645",17,1,5,"A1",290.145101438384
"646",17,1,6,"A1",303.104365175653
"647",17,1,7,"A1",295.975150132826
"648",17,1,8,"A1",309.467750920145
"649",17,1,9,"A1",303.619818432658
"650",17,1,10,"A1",302.27856839935
"651",17,1,11,"A1",297.475433956963
"652",17,1,12,"A1",285.330288197389
"653",17,1,13,"A1",275.994265148695
"654",17,1,14,"A1",292.084110828865
"655",17,1,15,"A1",291.415850482231
"656",17,1,16,"A1",300.799258974168
"657",17,1,17,"A1",288.103168452923
"658",17,1,18,"A1",302.530498562191
"659",17,1,19,"A1",306.468203150839
"660",17,1,20,"A1",289.569502300579
"661",17,1,21,"A2",394.994585707903
"662",17,1,22,"A2",393.823794470206
"663",17,1,23,"A2",406.516557163753
"664",17,1,24,"A2",388.893343643223
"665",17,1,25,"A2",413.481988475559
"666",17,1,26,"A2",411.043484756934
"667",17,1,27,"A2",399.657446159712
"668",17,1,28,"A2",392.973983940593
"669",17,1,29,"A2",399.244659504998
"670",17,1,30,"A2",389.98697977865
"671",17,1,31,"A2",403.257864277148
"672",17,1,32,"A2",392.727180660064
"673",17,1,33,"A2",403.9912701956
"674",17,1,34,"A2",403.701874305112
"675",17,1,35,"A2",395.476618832149
"676",17,1,36,"A2",405.144221873767
"677",17,1,37,"A2",399.415898253324
"678",17,1,38,"A2",406.435185606972
"679",17,1,39,"A2",401.157529373218
"680",17,1,40,"A2",408.327548684023
"681",18,2,1,"A2",397.947829880928
"682",18,2,2,"A2",391.499629701326
"683",18,2,3,"A2",386.833281768045
"684",18,2,4,"A2",389.84470370225
"685",18,2,5,"A2",395.076797999903
"686",18,2,6,"A2",400.402007418813
"687",18,2,7,"A2",399.228387707299
"688",18,2,8,"A2",399.619602724653
"689",18,2,9,"A2",391.942168889641
"690",18,2,10,"A2",401.401236138577
"691",18,2,11,"A2",400.06408761994
"692",18,2,12,"A2",394.917111530862
"693",18,2,13,"A2",392.618042348142
"694",18,2,14,"A2",399.822124829772
"695",18,2,15,"A2",397.279974857762
"696",18,2,16,"A2",396.295434628289
"697",18,2,17,"A2",376.601233728439
"698",18,2,18,"A2",397.36416484832
"699",18,2,19,"A2",402.404990831079
"700",18,2,20,"A2",395.999588419153
"701",18,2,21,"A1",294.498859301488
"702",18,2,22,"A1",296.604276351643
"703",18,2,23,"A1",296.367936471521
"704",18,2,24,"A1",288.213002872192
"705",18,2,25,"A1",304.183973932026
"706",18,2,26,"A1",297.14362954605
"707",18,2,27,"A1",280.663167012809
"708",18,2,28,"A1",273.375973565132
"709",18,2,29,"A1",296.499126737872
"710",18,2,30,"A1",277.351790042768
"711",18,2,31,"A1",304.784651443707
"712",18,2,32,"A1",286.06096961602
"713",18,2,33,"A1",289.874357759491
"714",18,2,34,"A1",281.022482010027
"715",18,2,35,"A1",297.122649804472
"716",18,2,36,"A1",308.830403390043
"717",18,2,37,"A1",303.015300319082
"718",18,2,38,"A1",286.491059083317
"719",18,2,39,"A1",294.819985998401
"720",18,2,40,"A1",306.510249429076
"721",19,2,1,"A2",403.480431941774
"722",19,2,2,"A2",384.880482910006
"723",19,2,3,"A2",383.629735169655
"724",19,2,4,"A2",412.023405751379
"725",19,2,5,"A2",395.094594881092
"726",19,2,6,"A2",406.250792895694
"727",19,2,7,"A2",406.328885267614
"728",19,2,8,"A2",401.65996070824
"729",19,2,9,"A2",387.779902761001
"730",19,2,10,"A2",399.500618405015
"731",19,2,11,"A2",400.748975073929
"732",19,2,12,"A2",402.512656814329
"733",19,2,13,"A2",402.446645990811
"734",19,2,14,"A2",405.813525863553
"735",19,2,15,"A2",404.858793852972
"736",19,2,16,"A2",407.775363566717
"737",19,2,17,"A2",391.266161119432
"738",19,2,18,"A2",396.877167085135
"739",19,2,19,"A2",394.182899853587
"740",19,2,20,"A2",398.210964763463
"741",19,2,21,"A1",303.815001228655
"742",19,2,22,"A1",307.155996050517
"743",19,2,23,"A1",324.216051595657
"744",19,2,24,"A1",306.444515251831
"745",19,2,25,"A1",316.737108046936
"746",19,2,26,"A1",309.153145440803
"747",19,2,27,"A1",300.588039031018
"748",19,2,28,"A1",294.013449708632
"749",19,2,29,"A1",319.284263301334
"750",19,2,30,"A1",309.357722372766
"751",19,2,31,"A1",323.40389986923
"752",19,2,32,"A1",296.954353965218
"753",19,2,33,"A1",304.617267742692
"754",19,2,34,"A1",299.064523707458
"755",19,2,35,"A1",316.463257678044
"756",19,2,36,"A1",330.352713519506
"757",19,2,37,"A1",317.24732496782
"758",19,2,38,"A1",305.014763409056
"759",19,2,39,"A1",314.383649231611
"760",19,2,40,"A1",312.216059719299
"761",20,1,1,"A1",292.027907241084
"762",20,1,2,"A1",301.947352349935
"763",20,1,3,"A1",287.586274784684
"764",20,1,4,"A1",273.758043340583
"765",20,1,5,"A1",288.364291213123
"766",20,1,6,"A1",292.56329413312
"767",20,1,7,"A1",300.722945807143
"768",20,1,8,"A1",300.848327597267
"769",20,1,9,"A1",295.89239872543
"770",20,1,10,"A1",298.880249415813
"771",20,1,11,"A1",307.207318151903
"772",20,1,12,"A1",278.238961556028
"773",20,1,13,"A1",286.783807645217
"774",20,1,14,"A1",293.695427401888
"775",20,1,15,"A1",285.377962886056
"776",20,1,16,"A1",296.561487936103
"777",20,1,17,"A1",282.825946971803
"778",20,1,18,"A1",308.566845292282
"779",20,1,19,"A1",303.472372363584
"780",20,1,20,"A1",290.950256937212
"781",20,1,21,"A2",409.860282625959
"782",20,1,22,"A2",396.322541361221
"783",20,1,23,"A2",397.598863287934
"784",20,1,24,"A2",386.394224228742
"785",20,1,25,"A2",401.286281333198
"786",20,1,26,"A2",403.042731919967
"787",20,1,27,"A2",405.140214223955
"788",20,1,28,"A2",389.226520382395
"789",20,1,29,"A2",398.937272872224
"790",20,1,30,"A2",401.30359121746
"791",20,1,31,"A2",407.2274599803
"792",20,1,32,"A2",399.182710021981
"793",20,1,33,"A2",407.126104107352
"794",20,1,34,"A2",394.848420820509
"795",20,1,35,"A2",400.232583341819
"796",20,1,36,"A2",400.626710113959
"797",20,1,37,"A2",401.753065150717
"798",20,1,38,"A2",395.740856883496
"799",20,1,39,"A2",393.104399203849
"800",20,1,40,"A2",400.680661321264
"801",21,2,1,"A2",388.660535395141
"802",21,2,2,"A2",392.235257459183
"803",21,2,3,"A2",399.605205117319
"804",21,2,4,"A2",387.367081014108
"805",21,2,5,"A2",388.047129627248
"806",21,2,6,"A2",400.34532910378
"807",21,2,7,"A2",398.987089065632
"808",21,2,8,"A2",392.296087215812
"809",21,2,9,"A2",393.111945568408
"810",21,2,10,"A2",388.687799130527
"811",21,2,11,"A2",401.719434949944
"812",21,2,12,"A2",398.791296638108
"813",21,2,13,"A2",384.828847262568
"814",21,2,14,"A2",394.917710411369
"815",21,2,15,"A2",395.296436439372
"816",21,2,16,"A2",399.188446814415
"817",21,2,17,"A2",388.412228581756
"818",21,2,18,"A2",395.541751383389
"819",21,2,19,"A2",392.132069205948
"820",21,2,20,"A2",401.611415551453
"821",21,2,21,"A1",260.339756044532
"822",21,2,22,"A1",270.520067990247
"823",21,2,23,"A1",275.604323682472
"824",21,2,24,"A1",267.637066152758
"825",21,2,25,"A1",292.157785886185
"826",21,2,26,"A1",275.283327990366
"827",21,2,27,"A1",261.845154267857
"828",21,2,28,"A1",262.249382213311
"829",21,2,29,"A1",271.855268103522
"830",21,2,30,"A1",263.216760474555
"831",21,2,31,"A1",277.425070175007
"832",21,2,32,"A1",256.17096530306
"833",21,2,33,"A1",277.330706104472
"834",21,2,34,"A1",252.295434035483
"835",21,2,35,"A1",271.864427445763
"836",21,2,36,"A1",286.053045241635
"837",21,2,37,"A1",272.698969887259
"838",21,2,38,"A1",268.295210955263
"839",21,2,39,"A1",263.879703560894
"840",21,2,40,"A1",283.960013068108
"841",22,1,1,"A1",293.180217905027
"842",22,1,2,"A1",308.352749036387
"843",22,1,3,"A1",308.750284899577
"844",22,1,4,"A1",293.454296410857
"845",22,1,5,"A1",296.296119076436
"846",22,1,6,"A1",310.712535596375
"847",22,1,7,"A1",312.086319231202
"848",22,1,8,"A1",307.625948240341
"849",22,1,9,"A1",297.881619040774
"850",22,1,10,"A1",313.684450442429
"851",22,1,11,"A1",310.163810332217
"852",22,1,12,"A1",296.501958455312
"853",22,1,13,"A1",293.601447747718
"854",22,1,14,"A1",310.342584768475
"855",22,1,15,"A1",295.040461811263
"856",22,1,16,"A1",315.301053728152
"857",22,1,17,"A1",295.309211387862
"858",22,1,18,"A1",316.149812706966
"859",22,1,19,"A1",321.487798398639
"860",22,1,20,"A1",299.538347660906
"861",22,1,21,"A2",408.237114081449
"862",22,1,22,"A2",391.555398614695
"863",22,1,23,"A2",395.498024861478
"864",22,1,24,"A2",398.158349930398
"865",22,1,25,"A2",396.011990023225
"866",22,1,26,"A2",403.770724910569
"867",22,1,27,"A2",384.155867845008
"868",22,1,28,"A2",383.263353738915
"869",22,1,29,"A2",396.957383948552
"870",22,1,30,"A2",410.255685309974
"871",22,1,31,"A2",393.553157286566
"872",22,1,32,"A2",405.308210549309
"873",22,1,33,"A2",399.70744443695
"874",22,1,34,"A2",389.820072363628
"875",22,1,35,"A2",401.244510112155
"876",22,1,36,"A2",404.360686897182
"877",22,1,37,"A2",401.632483257779
"878",22,1,38,"A2",398.966676766872
"879",22,1,39,"A2",399.670915315776
"880",22,1,40,"A2",406.84642309094
"881",23,2,1,"A2",395.86303066361
"882",23,2,2,"A2",394.473854887969
"883",23,2,3,"A2",398.56667330301
"884",23,2,4,"A2",394.87313866911
"885",23,2,5,"A2",401.3620984098
"886",23,2,6,"A2",399.84088361804
"887",23,2,7,"A2",402.772609390901
"888",23,2,8,"A2",406.677768785017
"889",23,2,9,"A2",405.801536164973
"890",23,2,10,"A2",405.635006363014
"891",23,2,11,"A2",400.11637755385
"892",23,2,12,"A2",394.753884931512
"893",23,2,13,"A2",395.056244332215
"894",23,2,14,"A2",398.659068905652
"895",23,2,15,"A2",409.153871852495
"896",23,2,16,"A2",409.021858404561
"897",23,2,17,"A2",389.089017763118
"898",23,2,18,"A2",402.198891262724
"899",23,2,19,"A2",416.634707615492
"900",23,2,20,"A2",405.677260902429
"901",23,2,21,"A1",282.94890728299
"902",23,2,22,"A1",277.142305302957
"903",23,2,23,"A1",304.483754826598
"904",23,2,24,"A1",277.025169364182
"905",23,2,25,"A1",296.341683951062
"906",23,2,26,"A1",293.768168391382
"907",23,2,27,"A1",267.835238395872
"908",23,2,28,"A1",269.491137211351
"909",23,2,29,"A1",293.693205011391
"910",23,2,30,"A1",280.132725156051
"911",23,2,31,"A1",296.468224104463
"912",23,2,32,"A1",283.972739249031
"913",23,2,33,"A1",285.330228402371
"914",23,2,34,"A1",275.075064866605
"915",23,2,35,"A1",292.085064911792
"916",23,2,36,"A1",301.722609400366
"917",23,2,37,"A1",300.777391240753
"918",23,2,38,"A1",277.84638935175
"919",23,2,39,"A1",288.789950727982
"920",23,2,40,"A1",299.739676836366
"921",24,2,1,"A2",390.085487792137
"922",24,2,2,"A2",404.617574216928
"923",24,2,3,"A2",397.278726709904
"924",24,2,4,"A2",388.377950189645
"925",24,2,5,"A2",400.415961468898
"926",24,2,6,"A2",392.986933082333
"927",24,2,7,"A2",397.309697127316
"928",24,2,8,"A2",400.906892435194
"929",24,2,9,"A2",398.847527661322
"930",24,2,10,"A2",396.60212928653
"931",24,2,11,"A2",398.28071175503
"932",24,2,12,"A2",391.632457648723
"933",24,2,13,"A2",399.215953343478
"934",24,2,14,"A2",401.988039465826
"935",24,2,15,"A2",401.437360333908
"936",24,2,16,"A2",393.007652345389
"937",24,2,17,"A2",391.003389742539
"938",24,2,18,"A2",395.723527753449
"939",24,2,19,"A2",398.835795380297
"940",24,2,20,"A2",392.231557074739
"941",24,2,21,"A1",288.930723301141
"942",24,2,22,"A1",276.052490832239
"943",24,2,23,"A1",300.823521271155
"944",24,2,24,"A1",278.477740685339
"945",24,2,25,"A1",290.479215487452
"946",24,2,26,"A1",289.420988435061
"947",24,2,27,"A1",273.472919757814
"948",24,2,28,"A1",269.683052190837
"949",24,2,29,"A1",290.017730315914
"950",24,2,30,"A1",276.728734926111
"951",24,2,31,"A1",295.477754268365
"952",24,2,32,"A1",274.620316913547
"953",24,2,33,"A1",282.437641272504
"954",24,2,34,"A1",280.004390704472
"955",24,2,35,"A1",293.683504538311
"956",24,2,36,"A1",296.658236477178
"957",24,2,37,"A1",298.495374756772
"958",24,2,38,"A1",288.314390636453
"959",24,2,39,"A1",282.738484117906
"960",24,2,40,"A1",305.566671587703
"961",25,1,1,"A1",304.038989034244
"962",25,1,2,"A1",304.262686349573
"963",25,1,3,"A1",283.044411750954
"964",25,1,4,"A1",287.35091157573
"965",25,1,5,"A1",296.662792617646
"966",25,1,6,"A1",308.613616160866
"967",25,1,7,"A1",300.165209525363
"968",25,1,8,"A1",315.6805467859
"969",25,1,9,"A1",298.731807042795
"970",25,1,10,"A1",304.766546272638
"971",25,1,11,"A1",303.684769244387
"972",25,1,12,"A1",290.124184061985
"973",25,1,13,"A1",291.898904832684
"974",25,1,14,"A1",300.036265430222
"975",25,1,15,"A1",298.239532498812
"976",25,1,16,"A1",299.913661155644
"977",25,1,17,"A1",288.233826792112
"978",25,1,18,"A1",310.986503419323
"979",25,1,19,"A1",311.743826212194
"980",25,1,20,"A1",299.98125083559
"981",25,1,21,"A2",385.980764311891
"982",25,1,22,"A2",409.248442631243
"983",25,1,23,"A2",394.484131524792
"984",25,1,24,"A2",399.836279998208
"985",25,1,25,"A2",406.365069099545
"986",25,1,26,"A2",403.987150445731
"987",25,1,27,"A2",393.46206451741
"988",25,1,28,"A2",386.468402644486
"989",25,1,29,"A2",402.495636711036
"990",25,1,30,"A2",399.15248783565
"991",25,1,31,"A2",400.882307774071
"992",25,1,32,"A2",398.324505868667
"993",25,1,33,"A2",399.414771972668
"994",25,1,34,"A2",387.752624717475
"995",25,1,35,"A2",396.481552467654
"996",25,1,36,"A2",398.156572956725
"997",25,1,37,"A2",400.152136773397
"998",25,1,38,"A2",398.354273555529
"999",25,1,39,"A2",404.698702193964
"1000",25,1,40,"A2",409.873317061704
"1001",26,1,1,"A1",288.367335759335
"1002",26,1,2,"A1",303.797454381806
"1003",26,1,3,"A1",290.548507261819
"1004",26,1,4,"A1",280.678705242614
"1005",26,1,5,"A1",283.892819593631
"1006",26,1,6,"A1",294.954335497012
"1007",26,1,7,"A1",300.319052351774
"1008",26,1,8,"A1",296.005705748415
"1009",26,1,9,"A1",290.446798009658
"1010",26,1,10,"A1",297.75710340301
"1011",26,1,11,"A1",287.546949309059
"1012",26,1,12,"A1",274.983420097759
"1013",26,1,13,"A1",283.638498532834
"1014",26,1,14,"A1",281.152720725722
"1015",26,1,15,"A1",290.53095820582
"1016",26,1,16,"A1",298.866149281924
"1017",26,1,17,"A1",269.159875896534
"1018",26,1,18,"A1",304.716425534684
"1019",26,1,19,"A1",308.093166810399
"1020",26,1,20,"A1",284.091109905228
"1021",26,1,21,"A2",408.719974404483
"1022",26,1,22,"A2",405.949737013617
"1023",26,1,23,"A2",411.848815760854
"1024",26,1,24,"A2",403.952088624112
"1025",26,1,25,"A2",413.238233616055
"1026",26,1,26,"A2",399.083048675176
"1027",26,1,27,"A2",397.439308384043
"1028",26,1,28,"A2",393.543618459969
"1029",26,1,29,"A2",391.541120203611
"1030",26,1,30,"A2",399.308209126764
"1031",26,1,31,"A2",399.900160350501
"1032",26,1,32,"A2",400.715097616756
"1033",26,1,33,"A2",398.351866537642
"1034",26,1,34,"A2",390.791244186795
"1035",26,1,35,"A2",405.866896210656
"1036",26,1,36,"A2",405.604664974622
"1037",26,1,37,"A2",400.720159888397
"1038",26,1,38,"A2",398.701197634984
"1039",26,1,39,"A2",405.254350919227
"1040",26,1,40,"A2",401.783287896556
"1041",27,2,1,"A2",396.844169545006
"1042",27,2,2,"A2",405.607136771038
"1043",27,2,3,"A2",396.079689270602
"1044",27,2,4,"A2",396.984531497795
"1045",27,2,5,"A2",400.398810275645
"1046",27,2,6,"A2",406.681969495777
"1047",27,2,7,"A2",410.095663705683
"1048",27,2,8,"A2",407.122509127827
"1049",27,2,9,"A2",409.763035696327
"1050",27,2,10,"A2",403.067892855701
"1051",27,2,11,"A2",406.372959516331
"1052",27,2,12,"A2",409.19095236951
"1053",27,2,13,"A2",401.402850844331
"1054",27,2,14,"A2",401.365183556664
"1055",27,2,15,"A2",397.614850917694
"1056",27,2,16,"A2",418.841788631905
"1057",27,2,17,"A2",394.521201109711
"1058",27,2,18,"A2",400.825377901177
"1059",27,2,19,"A2",413.116351216416
"1060",27,2,20,"A2",404.963327215054
"1061",27,2,21,"A1",310.00562308247
"1062",27,2,22,"A1",306.871531962436
"1063",27,2,23,"A1",319.030617786179
"1064",27,2,24,"A1",312.820155869944
"1065",27,2,25,"A1",323.798816563244
"1066",27,2,26,"A1",315.810634969101
"1067",27,2,27,"A1",298.514142564246
"1068",27,2,28,"A1",282.886400870642
"1069",27,2,29,"A1",318.12497772958
"1070",27,2,30,"A1",298.508821862728
"1071",27,2,31,"A1",313.302857392007
"1072",27,2,32,"A1",302.644087717127
"1073",27,2,33,"A1",311.343659335807
"1074",27,2,34,"A1",299.13894040451
"1075",27,2,35,"A1",303.730219650259
"1076",27,2,36,"A1",325.131207974491
"1077",27,2,37,"A1",320.802234501019
"1078",27,2,38,"A1",306.057656894121
"1079",27,2,39,"A1",302.253615835996
"1080",27,2,40,"A1",313.322717012684
"1081",28,2,1,"A2",409.38876413258
"1082",28,2,2,"A2",410.133862863831
"1083",28,2,3,"A2",401.090430819245
"1084",28,2,4,"A2",406.342101531738
"1085",28,2,5,"A2",417.177386425065
"1086",28,2,6,"A2",410.775291409048
"1087",28,2,7,"A2",403.502838600988
"1088",28,2,8,"A2",421.941549955915
"1089",28,2,9,"A2",406.991698760218
"1090",28,2,10,"A2",414.270722569086
"1091",28,2,11,"A2",412.496212824043
"1092",28,2,12,"A2",401.080997745496
"1093",28,2,13,"A2",402.679136181981
"1094",28,2,14,"A2",408.849338029543
"1095",28,2,15,"A2",416.312004447324
"1096",28,2,16,"A2",415.718772481216
"1097",28,2,17,"A2",394.15099309102
"1098",28,2,18,"A2",409.401137438568
"1099",28,2,19,"A2",416.645963875733
"1100",28,2,20,"A2",408.489630889626
"1101",28,2,21,"A1",297.695685423204
"1102",28,2,22,"A1",279.033182308046
"1103",28,2,23,"A1",299.721932562621
"1104",28,2,24,"A1",286.229983400681
"1105",28,2,25,"A1",307.380527673212
"1106",28,2,26,"A1",301.123912164652
"1107",28,2,27,"A1",287.553320483286
"1108",28,2,28,"A1",278.704404752239
"1109",28,2,29,"A1",287.582088106238
"1110",28,2,30,"A1",279.820668839103
"1111",28,2,31,"A1",306.430783982265
"1112",28,2,32,"A1",280.132134092118
"1113",28,2,33,"A1",305.995619032945
"1114",28,2,34,"A1",284.761252297606
"1115",28,2,35,"A1",293.397811971865
"1116",28,2,36,"A1",313.989844853589
"1117",28,2,37,"A1",311.341356083277
"1118",28,2,38,"A1",293.154586234528
"1119",28,2,39,"A1",293.296365323553
"1120",28,2,40,"A1",294.271560263201
"1121",29,1,1,"A1",283.228655522904
"1122",29,1,2,"A1",291.441357452874
"1123",29,1,3,"A1",281.473260974173
"1124",29,1,4,"A1",281.748919631752
"1125",29,1,5,"A1",288.12040410634
"1126",29,1,6,"A1",295.269608766685
"1127",29,1,7,"A1",293.715844103913
"1128",29,1,8,"A1",303.328895819839
"1129",29,1,9,"A1",283.897725339198
"1130",29,1,10,"A1",294.493547168046
"1131",29,1,11,"A1",300.060847207508
"1132",29,1,12,"A1",284.096433125773
"1133",29,1,13,"A1",285.589697237491
"1134",29,1,14,"A1",290.194964739688
"1135",29,1,15,"A1",295.007396998131
"1136",29,1,16,"A1",297.8386576181
"1137",29,1,17,"A1",277.648141957517
"1138",29,1,18,"A1",303.472047977313
"1139",29,1,19,"A1",301.653590372299
"1140",29,1,20,"A1",288.153777621767
"1141",29,1,21,"A2",396.269453196073
"1142",29,1,22,"A2",390.952586090851
"1143",29,1,23,"A2",407.845277691076
"1144",29,1,24,"A2",394.682679309793
"1145",29,1,25,"A2",407.895319913853
"1146",29,1,26,"A2",407.903023786727
"1147",29,1,27,"A2",407.512330336855
"1148",29,1,28,"A2",393.845207077257
"1149",29,1,29,"A2",402.008535923339
"1150",29,1,30,"A2",403.742699692281
"1151",29,1,31,"A2",422.424037380401
"1152",29,1,32,"A2",408.290121990334
"1153",29,1,33,"A2",407.74927007219
"1154",29,1,34,"A2",409.799278800979
"1155",29,1,35,"A2",402.452854500199
"1156",29,1,36,"A2",409.189961166272
"1157",29,1,37,"A2",414.57466060851
"1158",29,1,38,"A2",394.904038673129
"1159",29,1,39,"A2",408.838938293472
"1160",29,1,40,"A2",403.873319477077
"1161",30,2,1,"A2",391.466638669027
"1162",30,2,2,"A2",407.904600847471
"1163",30,2,3,"A2",394.866882254123
"1164",30,2,4,"A2",385.145000122183
"1165",30,2,5,"A2",396.10447675399
"1166",30,2,6,"A2",403.253685669086
"1167",30,2,7,"A2",407.984567762775
"1168",30,2,8,"A2",396.963819383554
"1169",30,2,9,"A2",389.311412344716
"1170",30,2,10,"A2",390.670913073272
"1171",30,2,11,"A2",396.033218759337
"1172",30,2,12,"A2",396.087286741148
"1173",30,2,13,"A2",391.308848678329
"1174",30,2,14,"A2",389.960916609778
"1175",30,2,15,"A2",397.421664032911
"1176",30,2,16,"A2",394.129212290369
"1177",30,2,17,"A2",386.011118392571
"1178",30,2,18,"A2",393.407335312552
"1179",30,2,19,"A2",401.716098551413
"1180",30,2,20,"A2",393.183774013987
"1181",30,2,21,"A1",277.043278516714
"1182",30,2,22,"A1",279.36532533646
"1183",30,2,23,"A1",295.770393662554
"1184",30,2,24,"A1",273.958568618995
"1185",30,2,25,"A1",288.891960704631
"1186",30,2,26,"A1",287.018242202395
"1187",30,2,27,"A1",273.805399166081
"1188",30,2,28,"A1",261.267872494367
"1189",30,2,29,"A1",288.528608280671
"1190",30,2,30,"A1",281.549421850209
"1191",30,2,31,"A1",290.806463428297
"1192",30,2,32,"A1",272.521568323381
"1193",30,2,33,"A1",283.992997683589
"1194",30,2,34,"A1",264.81669676169
"1195",30,2,35,"A1",280.689742792377
"1196",30,2,36,"A1",295.582277726916
"1197",30,2,37,"A1",287.895471346313
"1198",30,2,38,"A1",281.998774606441
"1199",30,2,39,"A1",276.82657963161
"1200",30,2,40,"A1",289.87357599758
"1201",31,1,1,"A1",286.809171468232
"1202",31,1,2,"A1",300.359854263452
"1203",31,1,3,"A1",291.692674496278
"1204",31,1,4,"A1",293.180837911764
"1205",31,1,5,"A1",290.199379317506
"1206",31,1,6,"A1",297.521273829177
"1207",31,1,7,"A1",301.6003811435
"1208",31,1,8,"A1",306.181307653675
"1209",31,1,9,"A1",285.295445692102
"1210",31,1,10,"A1",304.011446999263
"1211",31,1,11,"A1",290.94343043776
"1212",31,1,12,"A1",284.313317282126
"1213",31,1,13,"A1",269.915336815647
"1214",31,1,14,"A1",290.371770638366
"1215",31,1,15,"A1",296.50351192507
"1216",31,1,16,"A1",297.601751543393
"1217",31,1,17,"A1",273.043667579936
"1218",31,1,18,"A1",314.295154205293
"1219",31,1,19,"A1",303.029933327775
"1220",31,1,20,"A1",285.195431877098
"1221",31,1,21,"A2",384.228299616133
"1222",31,1,22,"A2",390.972830832172
"1223",31,1,23,"A2",396.013685596684
"1224",31,1,24,"A2",391.011362496801
"1225",31,1,25,"A2",397.267127044755
"1226",31,1,26,"A2",401.616190152819
"1227",31,1,27,"A2",390.499926308438
"1228",31,1,28,"A2",398.48269015101
"1229",31,1,29,"A2",395.187304408224
"1230",31,1,30,"A2",397.635057852721
"1231",31,1,31,"A2",405.57024046678
"1232",31,1,32,"A2",393.491123726718
"1233",31,1,33,"A2",398.931942694748
"1234",31,1,34,"A2",395.041960474109
"1235",31,1,35,"A2",391.498311346235
"1236",31,1,36,"A2",397.424944675004
"1237",31,1,37,"A2",402.033816002573
"1238",31,1,38,"A2",395.304157526951
"1239",31,1,39,"A2",392.924122513633
"1240",31,1,40,"A2",404.572666455756
"1241",32,1,1,"A1",293.903114516456
"1242",32,1,2,"A1",288.19209826918
"1243",32,1,3,"A1",284.853594886744
"1244",32,1,4,"A1",280.989749892669
"1245",32,1,5,"A1",287.01398942727
"1246",32,1,6,"A1",296.667783046065
"1247",32,1,7,"A1",299.061944261403
"1248",32,1,8,"A1",301.679226510848
"1249",32,1,9,"A1",283.457462018504
"1250",32,1,10,"A1",295.40660394634
"1251",32,1,11,"A1",298.622032038195
"1252",32,1,12,"A1",289.738689254041
"1253",32,1,13,"A1",280.038006111964
"1254",32,1,14,"A1",290.341412952375
"1255",32,1,15,"A1",287.484571007204
"1256",32,1,16,"A1",307.424182751957
"1257",32,1,17,"A1",281.40174363588
"1258",32,1,18,"A1",293.21003438827
"1259",32,1,19,"A1",300.33546038381
"1260",32,1,20,"A1",291.276608200324
"1261",32,1,21,"A2",410.862847054583
"1262",32,1,22,"A2",413.007568570924
"1263",32,1,23,"A2",422.232384894775
"1264",32,1,24,"A2",411.407644085389
"1265",32,1,25,"A2",411.304017201093
"1266",32,1,26,"A2",400.186794634795
"1267",32,1,27,"A2",403.53008776147
"1268",32,1,28,"A2",396.974097078509
"1269",32,1,29,"A2",397.684118550394
"1270",32,1,30,"A2",409.08419502635
"1271",32,1,31,"A2",411.448518394292
"1272",32,1,32,"A2",404.467976234545
"1273",32,1,33,"A2",403.792640481128
"1274",32,1,34,"A2",400.645429947318
"1275",32,1,35,"A2",398.198979224567
"1276",32,1,36,"A2",410.915740942879
"1277",32,1,37,"A2",406.833179608039
"1278",32,1,38,"A2",407.99963119268
"1279",32,1,39,"A2",403.299917545277
"1280",32,1,40,"A2",417.271789418623
"1281",33,2,1,"A2",392.566625774152
"1282",33,2,2,"A2",400.797123857947
"1283",33,2,3,"A2",397.611309867009
"1284",33,2,4,"A2",396.165889098154
"1285",33,2,5,"A2",399.080184542633
"1286",33,2,6,"A2",411.162306504786
"1287",33,2,7,"A2",400.990483816632
"1288",33,2,8,"A2",409.496789730393
"1289",33,2,9,"A2",400.96241912928
"1290",33,2,10,"A2",399.606045138605
"1291",33,2,11,"A2",388.935616473368
"1292",33,2,12,"A2",394.401630363439
"1293",33,2,13,"A2",391.452147969194
"1294",33,2,14,"A2",400.672318317933
"1295",33,2,15,"A2",401.096099106426
"1296",33,2,16,"A2",406.495420620084
"1297",33,2,17,"A2",391.063531775976
"1298",33,2,18,"A2",398.478731562816
"1299",33,2,19,"A2",410.368107903948
"1300",33,2,20,"A2",399.837384369572
"1301",33,2,21,"A1",287.582253122609
"1302",33,2,22,"A1",301.988781702199
"1303",33,2,23,"A1",311.846319932246
"1304",33,2,24,"A1",293.512542809034
"1305",33,2,25,"A1",306.12261602384
"1306",33,2,26,"A1",301.96488123216
"1307",33,2,27,"A1",280.277528606445
"1308",33,2,28,"A1",278.739363557501
"1309",33,2,29,"A1",301.540088352838
"1310",33,2,30,"A1",292.153977656254
"1311",33,2,31,"A1",314.520416766181
"1312",33,2,32,"A1",297.560835552521
"1313",33,2,33,"A1",293.847486850338
"1314",33,2,34,"A1",294.18741355561
"1315",33,2,35,"A1",305.072110646198
"1316",33,2,36,"A1",318.633741882743
"1317",33,2,37,"A1",310.278086466122
"1318",33,2,38,"A1",282.582059205275
"1319",33,2,39,"A1",298.97059809534
"1320",33,2,40,"A1",302.539379755804
"1321",34,2,1,"A2",396.779233104318
"1322",34,2,2,"A2",405.453640053496
"1323",34,2,3,"A2",400.614291818584
"1324",34,2,4,"A2",401.933442582287
"1325",34,2,5,"A2",397.091410688887
"1326",34,2,6,"A2",402.199673369753
"1327",34,2,7,"A2",405.29276262555
"1328",34,2,8,"A2",414.704003972274
"1329",34,2,9,"A2",408.309973574813
"1330",34,2,10,"A2",408.872247966292
"1331",34,2,11,"A2",404.65763176177
"1332",34,2,12,"A2",410.862184266054
"1333",34,2,13,"A2",398.061472653057
"1334",34,2,14,"A2",390.725533146067
"1335",34,2,15,"A2",399.724475694547
"1336",34,2,16,"A2",407.247949537291
"1337",34,2,17,"A2",401.591097634867
"1338",34,2,18,"A2",404.382891043343
"1339",34,2,19,"A2",393.823042987635
"1340",34,2,20,"A2",397.251136624439
"1341",34,2,21,"A1",293.844753586594
"1342",34,2,22,"A1",288.635933021845
"1343",34,2,23,"A1",295.149634320929
"1344",34,2,24,"A1",281.569937420734
"1345",34,2,25,"A1",311.432189075364
"1346",34,2,26,"A1",297.741111570584
"1347",34,2,27,"A1",280.780044410842
"1348",34,2,28,"A1",282.088631818609
"1349",34,2,29,"A1",297.668113409889
"1350",34,2,30,"A1",294.093318291557
"1351",34,2,31,"A1",304.365412463455
"1352",34,2,32,"A1",291.031539638869
"1353",34,2,33,"A1",291.373033951841
"1354",34,2,34,"A1",300.546910419303
"1355",34,2,35,"A1",296.32510180912
"1356",34,2,36,"A1",319.022485979952
"1357",34,2,37,"A1",306.202634502293
"1358",34,2,38,"A1",292.84167671794
"1359",34,2,39,"A1",296.075117146503
"1360",34,2,40,"A1",311.654292828162
"1361",35,2,1,"A2",405.423921591454
"1362",35,2,2,"A2",404.558679281633
"1363",35,2,3,"A2",401.467668544295
"1364",35,2,4,"A2",402.074936440305
"1365",35,2,5,"A2",397.677057990325
"1366",35,2,6,"A2",403.47553780633
"1367",35,2,7,"A2",398.970935456648
"1368",35,2,8,"A2",412.020945604862
"1369",35,2,9,"A2",407.579757375906
"1370",35,2,10,"A2",412.991095472452
"1371",35,2,11,"A2",409.980683606658
"1372",35,2,12,"A2",402.649270717424
"1373",35,2,13,"A2",403.860530672988
"1374",35,2,14,"A2",404.644599751798
"1375",35,2,15,"A2",416.646988830216
"1376",35,2,16,"A2",405.215329459814
"1377",35,2,17,"A2",402.447993888527
"1378",35,2,18,"A2",402.967724693122
"1379",35,2,19,"A2",410.049432791276
"1380",35,2,20,"A2",397.852053855645
"1381",35,2,21,"A1",299.855771801969
"1382",35,2,22,"A1",297.380089381811
"1383",35,2,23,"A1",320.198674594446
"1384",35,2,24,"A1",304.91659245848
"1385",35,2,25,"A1",320.462118621679
"1386",35,2,26,"A1",308.322273253895
"1387",35,2,27,"A1",292.899073997306
"1388",35,2,28,"A1",290.5497031695
"1389",35,2,29,"A1",310.761127410412
"1390",35,2,30,"A1",299.006471340402
"1391",35,2,31,"A1",322.399778526834
"1392",35,2,32,"A1",296.198313379695
"1393",35,2,33,"A1",307.628316913034
"1394",35,2,34,"A1",291.515803172798
"1395",35,2,35,"A1",310.913262041448
"1396",35,2,36,"A1",326.585540320319
"1397",35,2,37,"A1",317.979262809695
"1398",35,2,38,"A1",309.195788808506
"1399",35,2,39,"A1",310.006196612626
"1400",35,2,40,"A1",315.49901780215
"1401",36,2,1,"A2",395.641663177196
"1402",36,2,2,"A2",398.236309571679
"1403",36,2,3,"A2",398.936624319332
"1404",36,2,4,"A2",396.520678041508
"1405",36,2,5,"A2",409.952701878022
"1406",36,2,6,"A2",394.222795954838
"1407",36,2,7,"A2",402.164082859049
"1408",36,2,8,"A2",397.123748487341
"1409",36,2,9,"A2",398.88242710954
"1410",36,2,10,"A2",396.794522617907
"1411",36,2,11,"A2",397.406638478331
"1412",36,2,12,"A2",389.598220269579
"1413",36,2,13,"A2",400.454658791037
"1414",36,2,14,"A2",410.699796814417
"1415",36,2,15,"A2",407.808519751163
"1416",36,2,16,"A2",403.933227730894
"1417",36,2,17,"A2",393.100234859881
"1418",36,2,18,"A2",400.662525428176
"1419",36,2,19,"A2",400.669127539128
"1420",36,2,20,"A2",401.483651769479
"1421",36,2,21,"A1",285.64309370262
"1422",36,2,22,"A1",279.160882307406
"1423",36,2,23,"A1",301.823886435376
"1424",36,2,24,"A1",284.378785638556
"1425",36,2,25,"A1",301.545509001997
"1426",36,2,26,"A1",292.413902645194
"1427",36,2,27,"A1",284.055157510041
"1428",36,2,28,"A1",277.723978183872
"1429",36,2,29,"A1",290.323826909757
"1430",36,2,30,"A1",286.151873297118
"1431",36,2,31,"A1",293.209478051666
"1432",36,2,32,"A1",286.035352438602
"1433",36,2,33,"A1",294.910373495572
"1434",36,2,34,"A1",274.621122875506
"1435",36,2,35,"A1",289.551904524097
"1436",36,2,36,"A1",303.82746606678
"1437",36,2,37,"A1",304.260645579433
"1438",36,2,38,"A1",288.815660464474
"1439",36,2,39,"A1",300.075935675381
"1440",36,2,40,"A1",302.463095312739
"1441",37,1,1,"A1",287.942949610605
"1442",37,1,2,"A1",288.79468752179
"1443",37,1,3,"A1",287.799205004372
"1444",37,1,4,"A1",284.460099257912
"1445",37,1,5,"A1",286.11564063543
"1446",37,1,6,"A1",289.958708689624
"1447",37,1,7,"A1",303.087175571148
"1448",37,1,8,"A1",306.459245111808
"1449",37,1,9,"A1",284.181201055108
"1450",37,1,10,"A1",295.421270024057
"1451",37,1,11,"A1",304.862747672918
"1452",37,1,12,"A1",286.956320432265
"1453",37,1,13,"A1",284.309846497644
"1454",37,1,14,"A1",304.924620681731
"1455",37,1,15,"A1",295.919568105826
"1456",37,1,16,"A1",305.895726678621
"1457",37,1,17,"A1",288.326798654155
"1458",37,1,18,"A1",301.874521176191
"1459",37,1,19,"A1",303.227889098482
"1460",37,1,20,"A1",303.472944278715
"1461",37,1,21,"A2",396.371552323149
"1462",37,1,22,"A2",395.308575339135
"1463",37,1,23,"A2",411.765084020052
"1464",37,1,24,"A2",392.577540709945
"1465",37,1,25,"A2",406.110345066605
"1466",37,1,26,"A2",391.802220821438
"1467",37,1,27,"A2",397.664608600425
"1468",37,1,28,"A2",398.545958590691
"1469",37,1,29,"A2",387.502243706032
"1470",37,1,30,"A2",394.844227758695
"1471",37,1,31,"A2",406.851895484363
"1472",37,1,32,"A2",389.265270793187
"1473",37,1,33,"A2",400.473181494713
"1474",37,1,34,"A2",403.651469921142
"1475",37,1,35,"A2",403.857227859122
"1476",37,1,36,"A2",402.454903049457
"1477",37,1,37,"A2",390.076879597646
"1478",37,1,38,"A2",406.728544603864
"1479",37,1,39,"A2",396.720373010922
"1480",37,1,40,"A2",414.574242855474
"1481",38,2,1,"A2",395.288243213809
"1482",38,2,2,"A2",390.641614503791
"1483",38,2,3,"A2",399.135361614332
"1484",38,2,4,"A2",390.902536167423
"1485",38,2,5,"A2",396.794818537972
"1486",38,2,6,"A2",400.614944086094
"1487",38,2,7,"A2",405.61507705463
"1488",38,2,8,"A2",395.454003489145
"1489",38,2,9,"A2",406.387315304706
"1490",38,2,10,"A2",388.101751397901
"1491",38,2,11,"A2",398.28209741366
"1492",38,2,12,"A2",390.78679270951
"1493",38,2,13,"A2",396.581554844731
"1494",38,2,14,"A2",383.465443403636
"1495",38,2,15,"A2",393.498739078285
"1496",38,2,16,"A2",401.355160120115
"1497",38,2,17,"A2",385.033355294771
"1498",38,2,18,"A2",399.739042313265
"1499",38,2,19,"A2",396.395985742834
"1500",38,2,20,"A2",394.948318777789
"1501",38,2,21,"A1",283.561971899265
"1502",38,2,22,"A1",277.02542680393
"1503",38,2,23,"A1",295.399391786434
"1504",38,2,24,"A1",277.968737537779
"1505",38,2,25,"A1",294.448129927404
"1506",38,2,26,"A1",285.261962582011
"1507",38,2,27,"A1",278.517602637684
"1508",38,2,28,"A1",270.439872982651
"1509",38,2,29,"A1",292.486207830219
"1510",38,2,30,"A1",284.341941406376
"1511",38,2,31,"A1",290.585313600504
"1512",38,2,32,"A1",284.669977648767
"1513",38,2,33,"A1",275.222485834234
"1514",38,2,34,"A1",270.481724691658
"1515",38,2,35,"A1",281.374947691099
"1516",38,2,36,"A1",297.003006146593
"1517",38,2,37,"A1",290.105734147139
"1518",38,2,38,"A1",278.818020607668
"1519",38,2,39,"A1",278.582757437958
"1520",38,2,40,"A1",295.972323996415
"1521",39,1,1,"A1",298.922665896938
"1522",39,1,2,"A1",298.562195390584
"1523",39,1,3,"A1",290.159179558083
"1524",39,1,4,"A1",301.684971834657
"1525",39,1,5,"A1",306.17304092143
"1526",39,1,6,"A1",297.785972693774
"1527",39,1,7,"A1",299.587138712744
"1528",39,1,8,"A1",316.754072298305
"1529",39,1,9,"A1",289.458645722389
"1530",39,1,10,"A1",312.087291507963
"1531",39,1,11,"A1",303.431324474134
"1532",39,1,12,"A1",290.59821914529
"1533",39,1,13,"A1",296.853668786156
"1534",39,1,14,"A1",293.737839815125
"1535",39,1,15,"A1",295.834471952488
"1536",39,1,16,"A1",314.640376140877
"1537",39,1,17,"A1",293.175122907297
"1538",39,1,18,"A1",317.460399170188
"1539",39,1,19,"A1",318.045916476489
"1540",39,1,20,"A1",313.537544470941
"1541",39,1,21,"A2",396.883312010136
"1542",39,1,22,"A2",396.566243951953
"1543",39,1,23,"A2",406.003790718628
"1544",39,1,24,"A2",399.743225504049
"1545",39,1,25,"A2",411.630896502017
"1546",39,1,26,"A2",409.326594687284
"1547",39,1,27,"A2",396.329471639713
"1548",39,1,28,"A2",394.474011286365
"1549",39,1,29,"A2",398.344735131253
"1550",39,1,30,"A2",405.596295235793
"1551",39,1,31,"A2",401.70309130031
"1552",39,1,32,"A2",404.501984235295
"1553",39,1,33,"A2",407.211484789135
"1554",39,1,34,"A2",389.922269660163
"1555",39,1,35,"A2",407.322798786648
"1556",39,1,36,"A2",408.465445862312
"1557",39,1,37,"A2",402.606734966188
"1558",39,1,38,"A2",398.778673744988
"1559",39,1,39,"A2",400.558221067102
"1560",39,1,40,"A2",410.740506446741
"1561",40,2,1,"A2",392.001391748408
"1562",40,2,2,"A2",399.419836291652
"1563",40,2,3,"A2",375.661081246332
"1564",40,2,4,"A2",398.869991677039
"1565",40,2,5,"A2",395.130281737829
"1566",40,2,6,"A2",392.531568813893
"1567",40,2,7,"A2",395.482058116088
"1568",40,2,8,"A2",395.702518082135
"1569",40,2,9,"A2",391.73127419593
"1570",40,2,10,"A2",390.789708084201
"1571",40,2,11,"A2",397.127621546301
"1572",40,2,12,"A2",388.549711175946
"1573",40,2,13,"A2",395.285601858939
"1574",40,2,14,"A2",394.223466332639
"1575",40,2,15,"A2",395.518667119054
"1576",40,2,16,"A2",393.48039048707
"1577",40,2,17,"A2",384.643655987663
"1578",40,2,18,"A2",399.229031747268
"1579",40,2,19,"A2",403.001827740715
"1580",40,2,20,"A2",395.513987783249
"1581",40,2,21,"A1",301.237301464452
"1582",40,2,22,"A1",294.343295448239
"1583",40,2,23,"A1",304.21464755941
"1584",40,2,24,"A1",289.076024941142
"1585",40,2,25,"A1",309.582955926588
"1586",40,2,26,"A1",303.274803015745
"1587",40,2,27,"A1",294.902986599085
"1588",40,2,28,"A1",288.914576053345
"1589",40,2,29,"A1",303.924973108717
"1590",40,2,30,"A1",291.922282890591
"1591",40,2,31,"A1",304.936239517756
"1592",40,2,32,"A1",297.057867450913
"1593",40,2,33,"A1",285.000855489496
"1594",40,2,34,"A1",293.331691278469
"1595",40,2,35,"A1",308.325923880847
"1596",40,2,36,"A1",320.123002790578
"1597",40,2,37,"A1",318.777008773976
"1598",40,2,38,"A1",292.536377127815
"1599",40,2,39,"A1",297.826484848769
"1600",40,2,40,"A1",311.820537007649
"1601",41,1,1,"A1",292.481606112206
"1602",41,1,2,"A1",316.973594175515
"1603",41,1,3,"A1",297.578141484831
"1604",41,1,4,"A1",288.972487376195
"1605",41,1,5,"A1",295.253614320168
"1606",41,1,6,"A1",304.318549934606
"1607",41,1,7,"A1",309.750122393813
"1608",41,1,8,"A1",314.442067613088
"1609",41,1,9,"A1",292.303592581785
"1610",41,1,10,"A1",302.910575483566
"1611",41,1,11,"A1",302.628434453867
"1612",41,1,12,"A1",291.889775141123
"1613",41,1,13,"A1",305.560607763681
"1614",41,1,14,"A1",304.531011929422
"1615",41,1,15,"A1",295.711892856118
"1616",41,1,16,"A1",306.912730395255
"1617",41,1,17,"A1",274.837039561297
"1618",41,1,18,"A1",316.497493260685
"1619",41,1,19,"A1",311.362148801584
"1620",41,1,20,"A1",301.704124405646
"1621",41,1,21,"A2",407.079072878367
"1622",41,1,22,"A2",407.266938162203
"1623",41,1,23,"A2",401.144232461336
"1624",41,1,24,"A2",407.195418077453
"1625",41,1,25,"A2",407.444689144729
"1626",41,1,26,"A2",402.535348198033
"1627",41,1,27,"A2",393.899488131768
"1628",41,1,28,"A2",406.252828485452
"1629",41,1,29,"A2",407.238303579003
"1630",41,1,30,"A2",403.215776795106
"1631",41,1,31,"A2",421.981397274111
"1632",41,1,32,"A2",406.909725528407
"1633",41,1,33,"A2",403.495831958036
"1634",41,1,34,"A2",406.830473742675
"1635",41,1,35,"A2",399.372666253802
"1636",41,1,36,"A2",411.938532841253
"1637",41,1,37,"A2",410.913062701745
"1638",41,1,38,"A2",415.73624180103
"1639",41,1,39,"A2",404.628959091081
"1640",41,1,40,"A2",419.858726702061
"1641",42,1,1,"A1",279.523066848071
"1642",42,1,2,"A1",279.071326917681
"1643",42,1,3,"A1",276.754787829638
"1644",42,1,4,"A1",266.590653471463
"1645",42,1,5,"A1",280.462946486807
"1646",42,1,6,"A1",284.755463634636
"1647",42,1,7,"A1",287.166167799841
"1648",42,1,8,"A1",298.986066630642
"1649",42,1,9,"A1",278.996006941726
"1650",42,1,10,"A1",292.372498667109
"1651",42,1,11,"A1",286.338708966738
"1652",42,1,12,"A1",273.999991079978
"1653",42,1,13,"A1",268.816252985968
"1654",42,1,14,"A1",284.239646819628
"1655",42,1,15,"A1",286.119525257084
"1656",42,1,16,"A1",295.11695332379
"1657",42,1,17,"A1",269.673452575324
"1658",42,1,18,"A1",299.088056836866
"1659",42,1,19,"A1",294.142028509552
"1660",42,1,20,"A1",280.937687075771
"1661",42,1,21,"A2",401.197038834089
"1662",42,1,22,"A2",394.158908808513
"1663",42,1,23,"A2",408.278761320112
"1664",42,1,24,"A2",390.644073339645
"1665",42,1,25,"A2",398.715980324327
"1666",42,1,26,"A2",412.212724161635
"1667",42,1,27,"A2",404.957399998912
"1668",42,1,28,"A2",391.100471519169
"1669",42,1,29,"A2",413.312475290609
"1670",42,1,30,"A2",403.729914593025
"1671",42,1,31,"A2",399.189620141742
"1672",42,1,32,"A2",400.356125187046
"1673",42,1,33,"A2",397.492160665112
"1674",42,1,34,"A2",399.935358502238
"1675",42,1,35,"A2",392.918016766143
"1676",42,1,36,"A2",412.037512286968
"1677",42,1,37,"A2",409.292130375748
"1678",42,1,38,"A2",401.299753619981
"1679",42,1,39,"A2",403.243542641634
"1680",42,1,40,"A2",399.980804087869
"1681",43,2,1,"A2",393.924052596427
"1682",43,2,2,"A2",401.177387440536
"1683",43,2,3,"A2",394.538897311427
"1684",43,2,4,"A2",395.73997498291
"1685",43,2,5,"A2",403.884856174144
"1686",43,2,6,"A2",409.270054669229
"1687",43,2,7,"A2",411.871201659387
"1688",43,2,8,"A2",408.176854450887
"1689",43,2,9,"A2",408.15852412366
"1690",43,2,10,"A2",401.837270575776
"1691",43,2,11,"A2",398.433846653495
"1692",43,2,12,"A2",403.244867571233
"1693",43,2,13,"A2",400.380121957768
"1694",43,2,14,"A2",398.664340428728
"1695",43,2,15,"A2",401.394057605521
"1696",43,2,16,"A2",401.705195322685
"1697",43,2,17,"A2",395.697580712248
"1698",43,2,18,"A2",405.521538671511
"1699",43,2,19,"A2",400.730211749557
"1700",43,2,20,"A2",405.857402774798
"1701",43,2,21,"A1",289.812137403238
"1702",43,2,22,"A1",290.386824297927
"1703",43,2,23,"A1",294.173232757923
"1704",43,2,24,"A1",280.597358018142
"1705",43,2,25,"A1",307.617423851893
"1706",43,2,26,"A1",299.152715780176
"1707",43,2,27,"A1",276.945593780319
"1708",43,2,28,"A1",267.548914323777
"1709",43,2,29,"A1",289.268858364138
"1710",43,2,30,"A1",292.336085046787
"1711",43,2,31,"A1",300.919719070085
"1712",43,2,32,"A1",279.145609552013
"1713",43,2,33,"A1",286.431294460545
"1714",43,2,34,"A1",289.691808009832
"1715",43,2,35,"A1",295.786523822797
"1716",43,2,36,"A1",305.010908172736
"1717",43,2,37,"A1",305.101334571674
"1718",43,2,38,"A1",296.299636792139
"1719",43,2,39,"A1",294.646246288355
"1720",43,2,40,"A1",306.430199009701
"1721",44,2,1,"A2",401.148587907691
"1722",44,2,2,"A2",388.914752811547
"1723",44,2,3,"A2",398.745868583778
"1724",44,2,4,"A2",397.276840902863
"1725",44,2,5,"A2",402.582976517644
"1726",44,2,6,"A2",400.719157071247
"1727",44,2,7,"A2",391.397413788717
"1728",44,2,8,"A2",406.832340394853
"1729",44,2,9,"A2",395.613375036315
"1730",44,2,10,"A2",400.602869214586
"1731",44,2,11,"A2",397.211079638269
"1732",44,2,12,"A2",398.935839464186
"1733",44,2,13,"A2",387.674483772926
"1734",44,2,14,"A2",398.766781804956
"1735",44,2,15,"A2",403.466341591469
"1736",44,2,16,"A2",405.822285324124
"1737",44,2,17,"A2",394.665013204856
"1738",44,2,18,"A2",402.968710445049
"1739",44,2,19,"A2",410.66357395196
"1740",44,2,20,"A2",402.149664127063
"1741",44,2,21,"A1",289.835433341714
"1742",44,2,22,"A1",287.992303353591
"1743",44,2,23,"A1",305.376429046368
"1744",44,2,24,"A1",297.477281539602
"1745",44,2,25,"A1",311.139838423513
"1746",44,2,26,"A1",305.945178639923
"1747",44,2,27,"A1",276.829368269052
"1748",44,2,28,"A1",276.346061778244
"1749",44,2,29,"A1",302.79329715894
"1750",44,2,30,"A1",278.802170822376
"1751",44,2,31,"A1",305.98507857212
"1752",44,2,32,"A1",289.852534879572
"1753",44,2,33,"A1",295.370169434234
"1754",44,2,34,"A1",271.22646642482
"1755",44,2,35,"A1",295.56840425069
"1756",44,2,36,"A1",304.351717623999
"1757",44,2,37,"A1",300.269202175904
"1758",44,2,38,"A1",291.625576193181
"1759",44,2,39,"A1",290.394604347985
"1760",44,2,40,"A1",314.230559109218
"1761",45,2,1,"A2",408.307985418813
"1762",45,2,2,"A2",408.98270789465
"1763",45,2,3,"A2",394.956145038071
"1764",45,2,4,"A2",390.106234840207
"1765",45,2,5,"A2",401.785446405104
"1766",45,2,6,"A2",409.872782976574
"1767",45,2,7,"A2",404.146835106235
"1768",45,2,8,"A2",407.991787902094
"1769",45,2,9,"A2",397.703155457416
"1770",45,2,10,"A2",405.123357363117
"1771",45,2,11,"A2",409.11827004611
"1772",45,2,12,"A2",398.304690250483
"1773",45,2,13,"A2",390.652667430893
"1774",45,2,14,"A2",406.648734831641
"1775",45,2,15,"A2",403.501067036543
"1776",45,2,16,"A2",403.1636837281
"1777",45,2,17,"A2",388.664028544
"1778",45,2,18,"A2",405.015317239602
"1779",45,2,19,"A2",404.68651156264
"1780",45,2,20,"A2",390.183682463636
"1781",45,2,21,"A1",297.236650324266
"1782",45,2,22,"A1",289.89340288402
"1783",45,2,23,"A1",308.099484253445
"1784",45,2,24,"A1",282.513310020713
"1785",45,2,25,"A1",304.849121918398
"1786",45,2,26,"A1",296.026059503695
"1787",45,2,27,"A1",281.860369913
"1788",45,2,28,"A1",281.155500066232
"1789",45,2,29,"A1",305.262744363033
"1790",45,2,30,"A1",290.141625814644
"1791",45,2,31,"A1",296.223768005869
"1792",45,2,32,"A1",291.622162605229
"1793",45,2,33,"A1",290.745728726562
"1794",45,2,34,"A1",288.679381807533
"1795",45,2,35,"A1",294.734033513338
"1796",45,2,36,"A1",312.540960969622
"1797",45,2,37,"A1",311.659405187262
"1798",45,2,38,"A1",300.896460995568
"1799",45,2,39,"A1",292.317210328553
"1800",45,2,40,"A1",307.486606558424
"1801",46,1,1,"A1",274.440537578724
"1802",46,1,2,"A1",280.64721159781
"1803",46,1,3,"A1",279.211961396507
"1804",46,1,4,"A1",279.951044152496
"1805",46,1,5,"A1",278.223945812219
"1806",46,1,6,"A1",285.50526628431
"1807",46,1,7,"A1",280.19945797895
"1808",46,1,8,"A1",287.593470482345
"1809",46,1,9,"A1",286.332933273072
"1810",46,1,10,"A1",293.523051630953
"1811",46,1,11,"A1",283.332997162141
"1812",46,1,12,"A1",275.453692102108
"1813",46,1,13,"A1",277.555224565764
"1814",46,1,14,"A1",278.880399443059
"1815",46,1,15,"A1",281.885573807581
"1816",46,1,16,"A1",281.023738219606
"1817",46,1,17,"A1",278.813521493236
"1818",46,1,18,"A1",294.651960513754
"1819",46,1,19,"A1",297.058032099562
"1820",46,1,20,"A1",285.37539825056
"1821",46,1,21,"A2",388.830009332747
"1822",46,1,22,"A2",400.28561505517
"1823",46,1,23,"A2",402.997514582245
"1824",46,1,24,"A2",392.209864842802
"1825",46,1,25,"A2",395.585671786617
"1826",46,1,26,"A2",403.116956239003
"1827",46,1,27,"A2",406.631891356977
"1828",46,1,28,"A2",394.872118055875
"1829",46,1,29,"A2",398.228039207743
"1830",46,1,30,"A2",392.320311028655
"1831",46,1,31,"A2",411.475028821354
"1832",46,1,32,"A2",398.090214741366
"1833",46,1,33,"A2",389.939987943987
"1834",46,1,34,"A2",392.895788990894
"1835",46,1,35,"A2",396.489302714595
"1836",46,1,36,"A2",406.046933777149
"1837",46,1,37,"A2",391.154483214723
"1838",46,1,38,"A2",395.544318541139
"1839",46,1,39,"A2",403.790763500986
"1840",46,1,40,"A2",397.574244388096
"1841",47,1,1,"A1",278.39151221877
"1842",47,1,2,"A1",291.481464292803
"1843",47,1,3,"A1",286.857431723795
"1844",47,1,4,"A1",280.243747931389
"1845",47,1,5,"A1",282.792926803904
"1846",47,1,6,"A1",296.687347174861
"1847",47,1,7,"A1",302.561514076736
"1848",47,1,8,"A1",302.824084305552
"1849",47,1,9,"A1",285.488017163917
"1850",47,1,10,"A1",305.008342152749
"1851",47,1,11,"A1",296.279466631634
"1852",47,1,12,"A1",280.360846594694
"1853",47,1,13,"A1",282.144959006339
"1854",47,1,14,"A1",291.263335435038
"1855",47,1,15,"A1",295.372144339398
"1856",47,1,16,"A1",291.422090172929
"1857",47,1,17,"A1",278.928324097637
"1858",47,1,18,"A1",303.83752019262
"1859",47,1,19,"A1",305.540708968174
"1860",47,1,20,"A1",292.446638905734
"1861",47,1,21,"A2",403.910554298542
"1862",47,1,22,"A2",401.557666426413
"1863",47,1,23,"A2",399.787233027551
"1864",47,1,24,"A2",384.49252905156
"1865",47,1,25,"A2",411.880205402565
"1866",47,1,26,"A2",408.848286121974
"1867",47,1,27,"A2",398.605246436449
"1868",47,1,28,"A2",391.624984316819
"1869",47,1,29,"A2",387.445991158428
"1870",47,1,30,"A2",395.767825863641
"1871",47,1,31,"A2",413.1496234162
"1872",47,1,32,"A2",393.159260157522
"1873",47,1,33,"A2",398.973835522573
"1874",47,1,34,"A2",385.485320471416
"1875",47,1,35,"A2",402.276753602578
"1876",47,1,36,"A2",413.149556182694
"1877",47,1,37,"A2",399.032289947741
"1878",47,1,38,"A2",399.462392846678
"1879",47,1,39,"A2",402.961114895308
"1880",47,1,40,"A2",398.71812365492
"1881",48,2,1,"A2",405.991996202409
"1882",48,2,2,"A2",411.965377144441
"1883",48,2,3,"A2",402.473474434678
"1884",48,2,4,"A2",403.414282573079
"1885",48,2,5,"A2",409.662375693142
"1886",48,2,6,"A2",415.190601685041
"1887",48,2,7,"A2",411.866605780001
"1888",48,2,8,"A2",416.340999631473
"1889",48,2,9,"A2",408.726996165693
"1890",48,2,10,"A2",416.479072233842
"1891",48,2,11,"A2",416.865278755349
"1892",48,2,12,"A2",399.904226859708
"1893",48,2,13,"A2",403.6789185767
"1894",48,2,14,"A2",394.535002483354
"1895",48,2,15,"A2",411.330941317403
"1896",48,2,16,"A2",415.458336098333
"1897",48,2,17,"A2",402.899908213621
"1898",48,2,18,"A2",406.569218793599
"1899",48,2,19,"A2",415.524139054778
"1900",48,2,20,"A2",405.451285964104
"1901",48,2,21,"A1",285.646101015535
"1902",48,2,22,"A1",299.936164638994
"1903",48,2,23,"A1",308.0743029891
"1904",48,2,24,"A1",287.52593152081
"1905",48,2,25,"A1",307.849610676117
"1906",48,2,26,"A1",299.318826202863
"1907",48,2,27,"A1",287.261377376003
"1908",48,2,28,"A1",281.802889838654
"1909",48,2,29,"A1",301.982320317646
"1910",48,2,30,"A1",293.448922268334
"1911",48,2,31,"A1",304.116802665144
"1912",48,2,32,"A1",285.565757004462
"1913",48,2,33,"A1",298.597621049138
"1914",48,2,34,"A1",289.923415163739
"1915",48,2,35,"A1",293.090271997569
"1916",48,2,36,"A1",321.055125442367
"1917",48,2,37,"A1",311.832825217734
"1918",48,2,38,"A1",295.92595981209
"1919",48,2,39,"A1",292.033582857352
"1920",48,2,40,"A1",304.566592395117
"1921",49,2,1,"A2",383.949873331988
"1922",49,2,2,"A2",399.672054184257
"1923",49,2,3,"A2",401.775502660748
"1924",49,2,4,"A2",399.627742605137
"1925",49,2,5,"A2",388.985296277559
"1926",49,2,6,"A2",401.035354493951
"1927",49,2,7,"A2",395.457389738999
"1928",49,2,8,"A2",404.820491361224
"1929",49,2,9,"A2",399.731749673607
"1930",49,2,10,"A2",404.757542890821
"1931",49,2,11,"A2",396.729293765483
"1932",49,2,12,"A2",406.182421211184
"1933",49,2,13,"A2",395.885068042426
"1934",49,2,14,"A2",396.240351942366
"1935",49,2,15,"A2",407.555222584798
"1936",49,2,16,"A2",403.349803259107
"1937",49,2,17,"A2",395.282436173027
"1938",49,2,18,"A2",409.917866452306
"1939",49,2,19,"A2",398.460561619287
"1940",49,2,20,"A2",401.391009800249
"1941",49,2,21,"A1",309.490142725503
"1942",49,2,22,"A1",294.357654740718
"1943",49,2,23,"A1",303.818265541746
"1944",49,2,24,"A1",291.868274953918
"1945",49,2,25,"A1",315.333559260323
"1946",49,2,26,"A1",312.242657127946
"1947",49,2,27,"A1",304.545613969212
"1948",49,2,28,"A1",291.166547371645
"1949",49,2,29,"A1",310.725775708186
"1950",49,2,30,"A1",293.872090292825
"1951",49,2,31,"A1",317.898809039177
"1952",49,2,32,"A1",308.411307982721
"1953",49,2,33,"A1",304.68862071623
"1954",49,2,34,"A1",295.216585526446
"1955",49,2,35,"A1",301.630157902318
"1956",49,2,36,"A1",329.520759573619
"1957",49,2,37,"A1",315.589003800964
"1958",49,2,38,"A1",299.296806891188
"1959",49,2,39,"A1",307.047974313848
"1960",49,2,40,"A1",304.367204897515
"1961",50,1,1,"A1",295.144207822879
"1962",50,1,2,"A1",311.827223669213
"1963",50,1,3,"A1",293.387668535682
"1964",50,1,4,"A1",287.506760484476
"1965",50,1,5,"A1",299.207181906027
"1966",50,1,6,"A1",309.370984875259
"1967",50,1,7,"A1",304.54379469605
"1968",50,1,8,"A1",319.176301299136
"1969",50,1,9,"A1",302.373758996568
"1970",50,1,10,"A1",307.197601392446
"1971",50,1,11,"A1",307.931372508188
"1972",50,1,12,"A1",283.744810201298
"1973",50,1,13,"A1",291.439131238725
"1974",50,1,14,"A1",298.509617393536
"1975",50,1,15,"A1",295.26487065269
"1976",50,1,16,"A1",310.48789960982
"1977",50,1,17,"A1",292.253970666704
"1978",50,1,18,"A1",314.199236651224
"1979",50,1,19,"A1",310.567037158886
"1980",50,1,20,"A1",291.703182967413
"1981",50,1,21,"A2",396.546345691494
"1982",50,1,22,"A2",397.309303831746
"1983",50,1,23,"A2",401.252842374967
"1984",50,1,24,"A2",394.114788345374
"1985",50,1,25,"A2",395.045839282937
"1986",50,1,26,"A2",388.752128409122
"1987",50,1,27,"A2",383.488299640294
"1988",50,1,28,"A2",393.241588005093
"1989",50,1,29,"A2",400.088369843913
"1990",50,1,30,"A2",392.590337452346
"1991",50,1,31,"A2",405.749731830611
"1992",50,1,32,"A2",397.524455731266
"1993",50,1,33,"A2",409.290312410618
"1994",50,1,34,"A2",395.48352708826
"1995",50,1,35,"A2",388.176869633414
"1996",50,1,36,"A2",417.115466010495
"1997",50,1,37,"A2",402.793778100354
"1998",50,1,38,"A2",392.93654174319
"1999",50,1,39,"A2",397.113671766077
"2000",50,1,40,"A2",400.617611928349
"2001",51,2,1,"A2",395.780017489209
"2002",51,2,2,"A2",407.615439078073
"2003",51,2,3,"A2",392.127626938065
"2004",51,2,4,"A2",399.39062485801
"2005",51,2,5,"A2",394.460149598515
"2006",51,2,6,"A2",395.776033161706
"2007",51,2,7,"A2",392.125815825625
"2008",51,2,8,"A2",400.497496122609
"2009",51,2,9,"A2",406.026014991359
"2010",51,2,10,"A2",397.930836568372
"2011",51,2,11,"A2",397.674124810294
"2012",51,2,12,"A2",391.676940670822
"2013",51,2,13,"A2",387.366913706925
"2014",51,2,14,"A2",401.851490009693
"2015",51,2,15,"A2",401.444599965658
"2016",51,2,16,"A2",392.659211239384
"2017",51,2,17,"A2",391.96765731616
"2018",51,2,18,"A2",402.754663369643
"2019",51,2,19,"A2",397.866279099813
"2020",51,2,20,"A2",392.156965176146
"2021",51,2,21,"A1",293.545449310447
"2022",51,2,22,"A1",294.561108733139
"2023",51,2,23,"A1",293.774275889669
"2024",51,2,24,"A1",281.063544093155
"2025",51,2,25,"A1",306.870898656447
"2026",51,2,26,"A1",290.055386169712
"2027",51,2,27,"A1",280.981936473594
"2028",51,2,28,"A1",271.245711006523
"2029",51,2,29,"A1",283.333811624788
"2030",51,2,30,"A1",290.667887848483
"2031",51,2,31,"A1",310.632327582366
"2032",51,2,32,"A1",282.442068581338
"2033",51,2,33,"A1",285.556947969233
"2034",51,2,34,"A1",278.443824286859
"2035",51,2,35,"A1",295.484051736801
"2036",51,2,36,"A1",307.583596477057
"2037",51,2,37,"A1",296.392579912605
"2038",51,2,38,"A1",289.710958890702
"2039",51,2,39,"A1",294.85726939232
"2040",51,2,40,"A1",306.354362779994
"2041",52,1,1,"A1",293.482263742366
"2042",52,1,2,"A1",304.802185486046
"2043",52,1,3,"A1",292.18517949044
"2044",52,1,4,"A1",295.827570821989
"2045",52,1,5,"A1",308.792265887108
"2046",52,1,6,"A1",308.925664850889
"2047",52,1,7,"A1",312.482983601573
"2048",52,1,8,"A1",317.412419574027
"2049",52,1,9,"A1",297.562992007624
"2050",52,1,10,"A1",314.495168259113
"2051",52,1,11,"A1",317.543220105439
"2052",52,1,12,"A1",292.50925863419
"2053",52,1,13,"A1",289.110591286177
"2054",52,1,14,"A1",296.733233942339
"2055",52,1,15,"A1",309.495604710833
"2056",52,1,16,"A1",301.648172282508
"2057",52,1,17,"A1",297.485424872452
"2058",52,1,18,"A1",315.676395418659
"2059",52,1,19,"A1",311.761580800119
"2060",52,1,20,"A1",301.263764438556
"2061",52,1,21,"A2",401.771933353435
"2062",52,1,22,"A2",395.532620596293
"2063",52,1,23,"A2",408.729625919979
"2064",52,1,24,"A2",395.713768357396
"2065",52,1,25,"A2",412.007496402145
"2066",52,1,26,"A2",404.19153574314
"2067",52,1,27,"A2",401.011573319801
"2068",52,1,28,"A2",394.778531862293
"2069",52,1,29,"A2",405.282477979792
"2070",52,1,30,"A2",400.867363686336
"2071",52,1,31,"A2",401.347469470929
"2072",52,1,32,"A2",406.406271952565
"2073",52,1,33,"A2",401.807436077709
"2074",52,1,34,"A2",400.968085616598
"2075",52,1,35,"A2",408.018515427558
"2076",52,1,36,"A2",405.118174312289
"2077",52,1,37,"A2",404.289877369546
"2078",52,1,38,"A2",404.443083404787
"2079",52,1,39,"A2",402.021469633398
"2080",52,1,40,"A2",408.362490060204
"2081",53,1,1,"A1",292.706837579234
"2082",53,1,2,"A1",289.412255717588
"2083",53,1,3,"A1",287.12792348988
"2084",53,1,4,"A1",286.511503013185
"2085",53,1,5,"A1",279.406303819543
"2086",53,1,6,"A1",310.915437886495
"2087",53,1,7,"A1",300.655016698888
"2088",53,1,8,"A1",303.841489526868
"2089",53,1,9,"A1",289.059767836136
"2090",53,1,10,"A1",291.942179155851
"2091",53,1,11,"A1",296.069537669998
"2092",53,1,12,"A1",280.4574017127
"2093",53,1,13,"A1",285.218515868162
"2094",53,1,14,"A1",285.895178263111
"2095",53,1,15,"A1",292.726511528521
"2096",53,1,16,"A1",287.595834814267
"2097",53,1,17,"A1",283.654217052582
"2098",53,1,18,"A1",312.962914579988
"2099",53,1,19,"A1",292.251010876864
"2100",53,1,20,"A1",290.581060304156
"2101",53,1,21,"A2",396.442681066035
"2102",53,1,22,"A2",402.907683145664
"2103",53,1,23,"A2",403.223644329863
"2104",53,1,24,"A2",387.88263934797
"2105",53,1,25,"A2",409.673417135823
"2106",53,1,26,"A2",405.699314284197
"2107",53,1,27,"A2",405.773041412453
"2108",53,1,28,"A2",405.445701636189
"2109",53,1,29,"A2",394.667070915972
"2110",53,1,30,"A2",399.803251172216
"2111",53,1,31,"A2",404.524589503115
"2112",53,1,32,"A2",393.077111366465
"2113",53,1,33,"A2",393.602114153031
"2114",53,1,34,"A2",396.559725824878
"2115",53,1,35,"A2",396.072060382036
"2116",53,1,36,"A2",416.242003029386
"2117",53,1,37,"A2",401.035573553541
"2118",53,1,38,"A2",398.651739757171
"2119",53,1,39,"A2",391.481230332361
"2120",53,1,40,"A2",416.89072445267
"2121",54,2,1,"A2",407.188109210599
"2122",54,2,2,"A2",399.885700014241
"2123",54,2,3,"A2",404.278989154821
"2124",54,2,4,"A2",396.016736707071
"2125",54,2,5,"A2",397.74931113086
"2126",54,2,6,"A2",408.025787708366
"2127",54,2,7,"A2",400.231996207403
"2128",54,2,8,"A2",408.403334611746
"2129",54,2,9,"A2",401.598066378597
"2130",54,2,10,"A2",399.856129238899
"2131",54,2,11,"A2",414.505929748786
"2132",54,2,12,"A2",397.771231879266
"2133",54,2,13,"A2",401.9781778325
"2134",54,2,14,"A2",401.383791170063
"2135",54,2,15,"A2",400.992461307986
"2136",54,2,16,"A2",406.322181123179
"2137",54,2,17,"A2",396.009302935226
"2138",54,2,18,"A2",403.694744542741
"2139",54,2,19,"A2",412.063817577296
"2140",54,2,20,"A2",409.443024330495
"2141",54,2,21,"A1",297.589858104732
"2142",54,2,22,"A1",295.602936410009
"2143",54,2,23,"A1",318.118246665839
"2144",54,2,24,"A1",300.190724114007
"2145",54,2,25,"A1",312.700989615258
"2146",54,2,26,"A1",304.977436115057
"2147",54,2,27,"A1",290.126585932832
"2148",54,2,28,"A1",287.286011097587
"2149",54,2,29,"A1",307.047282225496
"2150",54,2,30,"A1",299.811412492905
"2151",54,2,31,"A1",317.925812791376
"2152",54,2,32,"A1",300.526306568761
"2153",54,2,33,"A1",306.213281487604
"2154",54,2,34,"A1",284.092432392015
"2155",54,2,35,"A1",306.094002733345
"2156",54,2,36,"A1",321.522883519018
"2157",54,2,37,"A1",305.059070546443
"2158",54,2,38,"A1",311.182380980048
"2159",54,2,39,"A1",308.379910979909
"2160",54,2,40,"A1",302.761751401963
"2161",55,1,1,"A1",301.405728608226
"2162",55,1,2,"A1",305.854909847914
"2163",55,1,3,"A1",279.697812365555
"2164",55,1,4,"A1",285.730067203775
"2165",55,1,5,"A1",279.8716448454
"2166",55,1,6,"A1",295.776851130582
"2167",55,1,7,"A1",298.79313217204
"2168",55,1,8,"A1",297.317339248991
"2169",55,1,9,"A1",289.779337562753
"2170",55,1,10,"A1",298.913692945346
"2171",55,1,11,"A1",300.027298452713
"2172",55,1,12,"A1",277.658568515625
"2173",55,1,13,"A1",278.771848402532
"2174",55,1,14,"A1",279.323817791538
"2175",55,1,15,"A1",294.342933698689
"2176",55,1,16,"A1",292.104688731042
"2177",55,1,17,"A1",284.542347381776
"2178",55,1,18,"A1",304.942910241337
"2179",55,1,19,"A1",306.010758618574
"2180",55,1,20,"A1",289.816738987512
"2181",55,1,21,"A2",392.165607233018
"2182",55,1,22,"A2",390.674637740186
"2183",55,1,23,"A2",394.273368184922
"2184",55,1,24,"A2",387.299681456678
"2185",55,1,25,"A2",405.352042302233
"2186",55,1,26,"A2",398.870682796004
"2187",55,1,27,"A2",386.85619657206
"2188",55,1,28,"A2",389.572482438777
"2189",55,1,29,"A2",399.007346387254
"2190",55,1,30,"A2",389.793515265571
"2191",55,1,31,"A2",402.191316808599
"2192",55,1,32,"A2",399.62314278556
"2193",55,1,33,"A2",391.590319715558
"2194",55,1,34,"A2",395.630014386301
"2195",55,1,35,"A2",400.050408207846
"2196",55,1,36,"A2",402.83605688381
"2197",55,1,37,"A2",397.017626167337
"2198",55,1,38,"A2",396.193392718159
"2199",55,1,39,"A2",393.391907950696
"2200",55,1,40,"A2",406.109287297376
"2201",56,2,1,"A2",390.390194905228
"2202",56,2,2,"A2",403.707566856981
"2203",56,2,3,"A2",395.387922340007
"2204",56,2,4,"A2",396.966723696779
"2205",56,2,5,"A2",402.319346853199
"2206",56,2,6,"A2",410.407740898171
"2207",56,2,7,"A2",400.599675380648
"2208",56,2,8,"A2",404.935930487122
"2209",56,2,9,"A2",398.242051975159
"2210",56,2,10,"A2",398.922785943858
"2211",56,2,11,"A2",402.609762966563
"2212",56,2,12,"A2",400.025838021133
"2213",56,2,13,"A2",385.382478870677
"2214",56,2,14,"A2",402.046673902779
"2215",56,2,15,"A2",403.816689388556
"2216",56,2,16,"A2",401.473665850234
"2217",56,2,17,"A2",401.988719756312
"2218",56,2,18,"A2",404.493562513038
"2219",56,2,19,"A2",408.243499418034
"2220",56,2,20,"A2",405.065583355956
"2221",56,2,21,"A1",275.804915489976
"2222",56,2,22,"A1",277.212036632333
"2223",56,2,23,"A1",298.517420239326
"2224",56,2,24,"A1",279.44039952105
"2225",56,2,25,"A1",305.152989922926
"2226",56,2,26,"A1",295.051353423729
"2227",56,2,27,"A1",275.459711109714
"2228",56,2,28,"A1",265.542120752288
"2229",56,2,29,"A1",294.039333134119
"2230",56,2,30,"A1",283.420406964174
"2231",56,2,31,"A1",290.432128112578
"2232",56,2,32,"A1",279.1939601609
"2233",56,2,33,"A1",282.507988873239
"2234",56,2,34,"A1",273.809282087066
"2235",56,2,35,"A1",288.185772367493
"2236",56,2,36,"A1",297.576747203499
"2237",56,2,37,"A1",289.599033712545
"2238",56,2,38,"A1",284.862553529832
"2239",56,2,39,"A1",279.831243111913
"2240",56,2,40,"A1",298.650382619088
"2241",57,2,1,"A2",404.020136842396
"2242",57,2,2,"A2",400.760286791717
"2243",57,2,3,"A2",406.154514896845
"2244",57,2,4,"A2",398.394773018343
"2245",57,2,5,"A2",400.323982089818
"2246",57,2,6,"A2",407.979702154372
"2247",57,2,7,"A2",397.317774763031
"2248",57,2,8,"A2",406.25814826298
"2249",57,2,9,"A2",396.927309394709
"2250",57,2,10,"A2",405.883893200316
"2251",57,2,11,"A2",409.552318678829
"2252",57,2,12,"A2",402.445462625408
"2253",57,2,13,"A2",396.049386719245
"2254",57,2,14,"A2",404.582695138858
"2255",57,2,15,"A2",408.854431104819
"2256",57,2,16,"A2",408.617424822923
"2257",57,2,17,"A2",396.73112871922
"2258",57,2,18,"A2",408.429110507334
"2259",57,2,19,"A2",404.847979569394
"2260",57,2,20,"A2",400.048126863738
"2261",57,2,21,"A1",308.013677275557
"2262",57,2,22,"A1",303.640835257234
"2263",57,2,23,"A1",317.563582401875
"2264",57,2,24,"A1",306.500833075098
"2265",57,2,25,"A1",319.667059082605
"2266",57,2,26,"A1",310.092277336751
"2267",57,2,27,"A1",301.873682206103
"2268",57,2,28,"A1",286.842755307244
"2269",57,2,29,"A1",310.648237793266
"2270",57,2,30,"A1",306.801222765774
"2271",57,2,31,"A1",308.095100607706
"2272",57,2,32,"A1",296.42562557111
"2273",57,2,33,"A1",313.784114296385
"2274",57,2,34,"A1",295.708555852961
"2275",57,2,35,"A1",313.253498421455
"2276",57,2,36,"A1",326.720227980046
"2277",57,2,37,"A1",321.198155760944
"2278",57,2,38,"A1",302.245191617926
"2279",57,2,39,"A1",308.296083603244
"2280",57,2,40,"A1",321.466818798996
"2281",58,1,1,"A1",288.714935123766
"2282",58,1,2,"A1",309.179941227558
"2283",58,1,3,"A1",287.607084983861
"2284",58,1,4,"A1",268.30630740961
"2285",58,1,5,"A1",291.812670338524
"2286",58,1,6,"A1",292.418510605513
"2287",58,1,7,"A1",296.544794613041
"2288",58,1,8,"A1",305.974756917326
"2289",58,1,9,"A1",286.534493342896
"2290",58,1,10,"A1",294.863289819896
"2291",58,1,11,"A1",297.856151746638
"2292",58,1,12,"A1",292.428111133942
"2293",58,1,13,"A1",279.55202427699
"2294",58,1,14,"A1",301.621182300445
"2295",58,1,15,"A1",295.749922837544
"2296",58,1,16,"A1",304.003364820481
"2297",58,1,17,"A1",282.369044027793
"2298",58,1,18,"A1",302.618580948273
"2299",58,1,19,"A1",308.937222866395
"2300",58,1,20,"A1",297.015084426909
"2301",58,1,21,"A2",407.108714967682
"2302",58,1,22,"A2",408.580309761485
"2303",58,1,23,"A2",404.292059110073
"2304",58,1,24,"A2",397.974258068185
"2305",58,1,25,"A2",404.755614233554
"2306",58,1,26,"A2",405.856684399354
"2307",58,1,27,"A2",400.794781130664
"2308",58,1,28,"A2",394.730401478861
"2309",58,1,29,"A2",409.291189708058
"2310",58,1,30,"A2",403.212775366085
"2311",58,1,31,"A2",408.440704059699
"2312",58,1,32,"A2",404.410090229537
"2313",58,1,33,"A2",402.822865119283
"2314",58,1,34,"A2",403.509903590495
"2315",58,1,35,"A2",399.023212714586
"2316",58,1,36,"A2",413.882773042082
"2317",58,1,37,"A2",411.996938190366
"2318",58,1,38,"A2",403.630828128699
"2319",58,1,39,"A2",409.257218031268
"2320",58,1,40,"A2",411.089500295219
"2321",59,1,1,"A1",264.832792674597
"2322",59,1,2,"A1",272.967549526137
"2323",59,1,3,"A1",267.644695820615
"2324",59,1,4,"A1",261.911161646883
"2325",59,1,5,"A1",274.586684468837
"2326",59,1,6,"A1",265.715657428618
"2327",59,1,7,"A1",282.683662672677
"2328",59,1,8,"A1",282.161312700748
"2329",59,1,9,"A1",267.006677158638
"2330",59,1,10,"A1",270.964144748867
"2331",59,1,11,"A1",274.490882515012
"2332",59,1,12,"A1",264.190671181357
"2333",59,1,13,"A1",258.55643857671
"2334",59,1,14,"A1",259.380354773462
"2335",59,1,15,"A1",272.067755193806
"2336",59,1,16,"A1",276.597532821113
"2337",59,1,17,"A1",261.865737915051
"2338",59,1,18,"A1",276.10511666242
"2339",59,1,19,"A1",270.154187290501
"2340",59,1,20,"A1",263.291716335417
"2341",59,1,21,"A2",400.373797625946
"2342",59,1,22,"A2",393.952562036653
"2343",59,1,23,"A2",392.579598253612
"2344",59,1,24,"A2",388.058931879675
"2345",59,1,25,"A2",399.666560528756
"2346",59,1,26,"A2",400.350371074736
"2347",59,1,27,"A2",392.251288585251
"2348",59,1,28,"A2",388.849444220626
"2349",59,1,29,"A2",397.427939614204
"2350",59,1,30,"A2",391.848155787085
"2351",59,1,31,"A2",394.011384925496
"2352",59,1,32,"A2",388.4654921431
"2353",59,1,33,"A2",386.510800858306
"2354",59,1,34,"A2",384.783486198038
"2355",59,1,35,"A2",394.044600603962
"2356",59,1,36,"A2",397.375652762704
"2357",59,1,37,"A2",392.53962261711
"2358",59,1,38,"A2",392.786136657039
"2359",59,1,39,"A2",389.67675008521
"2360",59,1,40,"A2",401.188631898609
"2361",60,1,1,"A1",290.702032433426
"2362",60,1,2,"A1",304.38854108207
"2363",60,1,3,"A1",299.39982377424
"2364",60,1,4,"A1",289.115995996207
"2365",60,1,5,"A1",285.326803494399
"2366",60,1,6,"A1",306.153918715832
"2367",60,1,7,"A1",308.551251206823
"2368",60,1,8,"A1",317.300664833045
"2369",60,1,9,"A1",292.275136093957
"2370",60,1,10,"A1",305.314426393369
"2371",60,1,11,"A1",307.723272368911
"2372",60,1,12,"A1",294.461040387591
"2373",60,1,13,"A1",284.835271970325
"2374",60,1,14,"A1",304.684267082877
"2375",60,1,15,"A1",307.673561767597
"2376",60,1,16,"A1",305.028405173363
"2377",60,1,17,"A1",284.260535209063
"2378",60,1,18,"A1",315.428969036616
"2379",60,1,19,"A1",314.261911661524
"2380",60,1,20,"A1",296.29609880041
"2381",60,1,21,"A2",411.088689325089
"2382",60,1,22,"A2",393.677083793989
"2383",60,1,23,"A2",400.559677940298
"2384",60,1,24,"A2",403.047286180363
"2385",60,1,25,"A2",408.57172751659
"2386",60,1,26,"A2",410.807148055262
"2387",60,1,27,"A2",400.433142922991
"2388",60,1,28,"A2",393.884547977426
"2389",60,1,29,"A2",407.426266895736
"2390",60,1,30,"A2",392.050929432698
"2391",60,1,31,"A2",404.999367565973
"2392",60,1,32,"A2",399.443162850421
"2393",60,1,33,"A2",399.756097928895
"2394",60,1,34,"A2",405.433881836961
"2395",60,1,35,"A2",395.295096662153
"2396",60,1,36,"A2",411.964686506446
"2397",60,1,37,"A2",398.324158397647
"2398",60,1,38,"A2",400.897656103873
"2399",60,1,39,"A2",399.871910829446
"2400",60,1,40,"A2",400.088810503053
